Date,NO2,SO2,PM10,PM2.5,O3,CO,NH3,Sheet,O3_8hrs,CO (8 hrs)_mg_m3,Location
2022-01-07,10.71,7.71,59.04,42.2,0,0,0,Table 1,,,Bhillai
2022-05-07,10.54,7.5,61.87,40.94,0,0,0,Table 1,,,Bhillai
2022-07-26,10.71,7.91,64.79,37.13,0,0,0,Table 1,,,Bhillai
2022-07-29,10.54,7.5,63.69,38.58,0,0,0,Table 1,,,Bhillai
,0,0,0,0,0,0,0,Table 1,,,Bhillai
,0,0,0,0,0,0,0,Table 1,,,Bhillai
,0,0,0,0,0,0,0,Table 1,,,Bhillai
,0,0,0,0,0,0,0,Table 1,,,Bhillai
,0,0,0,0,0,0,0,Table 1,,,Bhillai
,0,0,0,0,0,0,0,Table 1,,,Bhillai
,0,0,0,0,0,0,0,Table 1,,,Bhillai
,0,0,0,0,0,0,0,Table 1,,,Bhillai
2022-01-07,11.88,9.38,62.62,45.24,0,0,0,Table 2,,,Bhillai
2022-05-07,11.66,8.96,61.42,49.04,0,0,0,Table 2,,,Bhillai
2022-07-26,11.88,9.38,63.57,47.23,0,0,0,Table 2,,,Bhillai
2022-07-29,11.46,8.96,64.29,42.56,0,0,0,Table 2,,,Bhillai
,0,0,0,0,0,0,0,Table 2,,,Bhillai
,0,0,0,0,0,0,0,Table 2,,,Bhillai
,0,0,0,0,0,0,0,Table 2,,,Bhillai
,0,0,0,0,0,0,0,Table 2,,,Bhillai
,0,0,0,0,0,0,0,Table 2,,,Bhillai
,0,0,0,0,0,0,0,Table 2,,,Bhillai
,0,0,0,0,0,0,0,Table 2,,,Bhillai
,0,0,0,0,0,0,0,Table 2,,,Bhillai
2022-02-07,9.17,7.83,62.6,28.63,,,,Table 3,,,Bhillai
2022-09-07,9.83,7.5,64.82,26.52,,,,Table 3,,,Bhillai
2022-07-20,9.33,7.17,61.52,27.54,,,,Table 3,,,Bhillai
2022-07-30,9.33,7.17,64.58,29.62,,,,Table 3,,,Bhillai
2022-04-07,8.34,6.04,55.48,38.93,0,0,0,Table 4,,,Bhillai
2022-07-07,8.13,5.84,57.45,37.45,0,0,0,Table 4,,,Bhillai
2022-11-07,7.91,6.04,59.46,40.42,0,0,0,Table 4,,,Bhillai
2022-07-28,7.91,5.84,58.31,38.43,0,0,0,Table 4,,,Bhillai
,0,0,0,0,0,0,0,Table 4,,,Bhillai
,0,0,0,0,0,0,0,Table 4,,,Bhillai
,0,0,0,0,0,0,0,Table 4,,,Bhillai
,0,0,0,0,0,0,0,Table 4,,,Bhillai
,0,0,0,0,0,0,0,Table 4,,,Bhillai
,0,0,0,0,0,0,0,Table 4,,,Bhillai
,0,0,0,0,0,0,0,Table 4,,,Bhillai
,0,0,0,0,0,0,0,Table 4,,,Bhillai
2022-02-06,9.79,6.66,57.26,40.72,0,0,0,Table 5,,,Bhillai
2022-06-06,9.38,6.88,58.79,39.77,0,0,0,Table 5,,,Bhillai
2022-09-06,9.16,6.66,59.48,42.25,0,0,0,Table 5,,,Bhillai
2022-06-13,9.59,7.09,59.8,40.89,0,0,0,Table 5,,,Bhillai
2022-06-23,9.38,6.88,58.77,44.06,0,0,0,Table 5,,,Bhillai
2022-06-27,9.59,6.66,57.2,42.36,0,0,0,Table 5,,,Bhillai
,0,0,0,0,0,0,0,Table 5,,,Bhillai
,0,0,0,0,0,0,0,Table 5,,,Bhillai
,0,0,0,0,0,0,0,Table 5,,,Bhillai
,0,0,0,0,0,0,0,Table 5,,,Bhillai
,0,0,0,0,0,0,0,Table 5,,,Bhillai
,0,0,0,0,0,0,0,Table 5,,,Bhillai
2022-03-06,11.88,9.59,66.95,49.19,0,0,0,Table 6,,,Bhillai
2022-07-06,12.09,9.16,67.48,45.7,0,0,0,Table 6,,,Bhillai
2022-10-06,11.88,9.79,68.49,42.25,0,0,0,Table 6,,,Bhillai
2022-06-14,11.88,8.96,69.03,50.17,0,0,0,Table 6,,,Bhillai
2022-06-17,11.66,9.16,70.39,49.24,0,0,0,Table 6,,,Bhillai
2022-06-24,11.88,9.38,67.7,51.39,0,0,0,Table 6,,,Bhillai
,0,0,0,0,0,0,0,Table 6,,,Bhillai
,0,0,0,0,0,0,0,Table 6,,,Bhillai
,0,0,0,0,0,0,0,Table 6,,,Bhillai
,0,0,0,0,0,0,0,Table 6,,,Bhillai
,0,0,0,0,0,0,0,Table 6,,,Bhillai
,0,0,0,0,0,0,0,Table 6,,,Bhillai
2022-03-06,10.71,8.34,61.09,45.57,0,0,0,Table 7,,,Bhillai
2022-07-06,10.54,7.71,63.56,42.53,0,0,0,Table 7,,,Bhillai
2022-10-06,10.71,8.34,64.84,47.39,0,0,0,Table 7,,,Bhillai
2022-06-14,10.89,8.34,66.99,44.26,0,0,0,Table 7,,,Bhillai
2022-06-17,10,7.91,67.81,49.1,0,0,0,Table 7,,,Bhillai
2022-06-24,10.71,8.34,64.69,49.73,0,0,0,Table 7,,,Bhillai
,0,0,0,0,0,0,0,Table 7,,,Bhillai
,0,0,0,0,0,0,0,Table 7,,,Bhillai
,0,0,0,0,0,0,0,Table 7,,,Bhillai
,0,0,0,0,0,0,0,Table 7,,,Bhillai
,0,0,0,0,0,0,0,Table 7,,,Bhillai
,0,0,0,0,0,0,0,Table 7,,,Bhillai
2022-08-06,12.5,10.21,68.69,53.58,0,0,0,Table 8,,,Bhillai
2022-04-06,12.91,10.63,65.55,50.22,0,0,0,Table 8,,,Bhillai
,12.71,10.21,69.52,55.14,0,0,0,Table 8,,,Bhillai
2022-11-06,12.91,10.41,67.94,51.95,0,0,0,Table 8,,,Bhillai
2022-06-15,13.54,10.63,69.66,58.41,0,0,0,Table 8,,,Bhillai
2022-06-22,12.71,10.41,68.67,53.65,0,0,0,Table 8,,,Bhillai
,0,0,0,0,0,0,0,Table 8,,,Bhillai
,0,0,0,0,0,0,0,Table 8,,,Bhillai
,0,0,0,0,0,0,0,Table 8,,,Bhillai
,0,0,0,0,0,0,0,Table 8,,,Bhillai
,0,0,0,0,0,0,0,Table 8,,,Bhillai
,0,0,0,0,0,0,0,Table 8,,,Bhillai
2022-02-05,10.63,7.5,55.13,48.89,0,0,0,Table 9,,,Bhillai
2022-05-05,10.84,7.71,59.12,45.42,0,0,0,Table 9,,,Bhillai
2022-09-05,11.04,8.13,61.57,47.33,0,0,0,Table 9,,,Bhillai
2022-12-05,11.04,7.5,59.11,45.75,0,0,0,Table 9,,,Bhillai
2022-05-16,11.04,8.13,58.19,46.9,0,0,0,Table 9,,,Bhillai
2022-05-19,10.63,7.71,57.47,45.72,0,0,0,Table 9,,,Bhillai
2022-05-23,10.63,7.5,61.99,48.72,0,0,0,Table 9,,,Bhillai
2022-05-26,10.42,7.71,64.22,45.35,0,0,0,Table 9,,,Bhillai
,0,0,0,0,0,0,0,Table 9,,,Bhillai
,0,0,0,0,0,0,0,Table 9,,,Bhillai
,0,0,0,0,0,0,0,Table 9,,,Bhillai
,0,0,0,0,0,0,0,Table 9,,,Bhillai
2022-03-05,11.43,8.75,62.81,49.68,0,0,0,Table 10,,,Bhillai
2022-06-05,11.25,8.96,63.98,49.22,0,0,0,Table 10,,,Bhillai
2022-10-05,11.61,8.96,64.48,53.6,0,0,0,Table 10,,,Bhillai
2022-05-13,11.96,8.96,65.13,48.74,0,0,0,Table 10,,,Bhillai
2022-05-17,11.43,9.16,64.9,49.7,0,0,0,Table 10,,,Bhillai
2022-05-20,11.61,8.75,67.74,51.88,0,0,0,Table 10,,,Bhillai
2022-05-24,11.43,9.16,65.02,51.42,0,0,0,Table 10,,,Bhillai
2022-05-28,11.61,8.75,62.9,53.23,0,0,0,Table 10,,,Bhillai
,0,0,0,0,0,0,0,Table 10,,,Bhillai
,0,0,0,0,0,0,0,Table 10,,,Bhillai
,0,0,0,0,0,0,0,Table 10,,,Bhillai
,0,0,0,0,0,0,0,Table 10,,,Bhillai
2022-03-05,13.75,10.21,68.9,56.98,0,0,0,Table 11,,,Bhillai
2022-06-05,13.13,11.04,65.92,59.99,0,0,0,Table 11,,,Bhillai
2022-10-05,13.54,10,65.51,58.85,0,0,0,Table 11,,,Bhillai
2022-05-13,13.75,10.41,67.06,63.82,0,0,0,Table 11,,,Bhillai
2022-05-17,14.16,10,69.29,57.72,0,0,0,Table 11,,,Bhillai
2022-05-20,13.96,10.21,65.58,58.52,0,0,0,Table 11,,,Bhillai
2022-05-24,13.54,10.41,68.15,61.71,0,0,0,Table 11,,,Bhillai
2022-05-28,13.34,10.63,65.66,63.72,0,0,0,Table 11,,,Bhillai
,0,0,0,0,0,0,0,Table 11,,,Bhillai
,0,0,0,0,0,0,0,Table 11,,,Bhillai
,0,0,0,0,0,0,0,Table 11,,,Bhillai
,0,0,0,0,0,0,0,Table 11,,,Bhillai
2022-01-05,13.34,10.63,67.64,58.52,0,0,0,Table 12,,,Bhillai
2022-04-05,13.54,10.41,67.31,57.57,0,0,0,Table 12,,,Bhillai
2022-08-05,13.34,10.84,69.44,60.21,0,0,0,Table 12,,,Bhillai
2022-11-05,13.54,11.04,67.49,63.92,0,0,0,Table 12,,,Bhillai
2022-05-15,13.34,10.84,68.07,58.68,0,0,0,Table 12,,,Bhillai
2022-05-22,13.13,10.63,69.53,56.44,0,0,0,Table 12,,,Bhillai
2022-05-25,12.91,11.04,66.85,58.85,0,0,0,Table 12,,,Bhillai
2022-05-29,14.38,11.04,65.25,60.49,0,0,0,Table 12,,,Bhillai
,0,0,0,0,0,0,0,Table 12,,,Bhillai
,0,0,0,0,0,0,0,Table 12,,,Bhillai
,0,0,0,0,0,0,0,Table 12,,,Bhillai
,0,0,0,0,0,0,0,Table 12,,,Bhillai
2021-01-12,14.58,9.17,70.17,60.69,0,0,0,Table 29,,,Bhillai
2021-04-12,14.17,9.38,67.17,60.39,0,0,0,Table 29,,,Bhillai
2021-08-12,14.38,9.38,69.06,63.82,0,0,0,Table 29,,,Bhillai
2021-11-12,14.17,9.17,67.72,63.74,0,0,0,Table 29,,,Bhillai
2021-12-15,14.79,9.58,68.12,58.85,0,0,0,Table 29,,,Bhillai
2021-12-18,14.38,9.38,67.54,58.7,0,0,0,Table 29,,,Bhillai
2021-12-22,14.58,9.58,68.19,65.27,0,0,0,Table 29,,,Bhillai
2021-12-25,14.38,9.38,67.96,61.56,0,0,0,Table 29,,,Bhillai
,0,0,0,0,0,0,0,Table 29,,,Bhillai
,0,0,0,0,0,0,0,Table 29,,,Bhillai
,0,0,0,0,0,0,0,Table 29,,,Bhillai
,0,0,0,0,0,0,0,Table 29,,,Bhillai
2021-03-12,14.17,9.17,66.29,58.7,0,0,0,Table 30,,,Bhillai
2021-07-12,12.92,9.17,65.85,60.54,0,0,0,Table 30,,,Bhillai
2021-10-12,14.58,8.96,64.82,58.74,0,0,0,Table 30,,,Bhillai
2021-12-14,12.92,9.17,68.7,56.96,0,0,0,Table 30,,,Bhillai
2021-12-17,13.13,8.96,69.39,62.11,0,0,0,Table 30,,,Bhillai
2021-12-21,12.5,9.38,70.4,63.92,0,0,0,Table 30,,,Bhillai
2021-12-24,13.54,8.96,70.59,62.08,0,0,0,Table 30,,,Bhillai
2021-12-31,12.92,9.17,70.72,63.97,0,0,0,Table 30,,,Bhillai
,0,0,0,0,0,0,0,Table 30,,,Bhillai
,0,0,0,0,0,0,0,Table 30,,,Bhillai
,0,0,0,0,0,0,0,Table 30,,,Bhillai
,0,0,0,0,0,0,0,Table 30,,,Bhillai
2021-03-12,10.89,9.38,64.33,57.15,0,0,0,Table 31,,,Bhillai
2021-07-12,11.07,9.58,62.97,59.02,0,0,0,Table 31,,,Bhillai
2021-10-12,10.71,9.58,64.39,60.42,0,0,0,Table 31,,,Bhillai
2021-12-14,11.07,9.38,65.62,58.67,0,0,0,Table 31,,,Bhillai
2021-12-17,10.54,9.59,62.99,60.48,0,0,0,Table 31,,,Bhillai
2021-12-21,10.89,9.79,65.34,58.74,0,0,0,Table 31,,,Bhillai
2021-12-24,10.89,9.38,65.13,62.08,0,0,0,Table 31,,,Bhillai
2021-12-31,10.71,9.58,63.32,60.59,0,0,0,Table 31,,,Bhillai
,0,0,0,0,0,0,0,Table 31,,,Bhillai
,0,0,0,0,0,0,0,Table 31,,,Bhillai
,0,0,0,0,0,0,0,Table 31,,,Bhillai
,0,0,0,0,0,0,0,Table 31,,,Bhillai
2021-03-11,14.58,9.17,71.91,58.85,0,0,0,Table 34,,,Bhillai
2021-06-11,14.17,9.38,69.75,57.32,0,0,0,Table 34,,,Bhillai
2021-10-11,14.38,9.38,69.77,60.81,0,0,0,Table 34,,,Bhillai
2021-11-13,14.17,9.17,69.87,60.71,0,0,0,Table 34,,,Bhillai
2021-11-17,14.79,9.38,69.15,63.92,0,0,0,Table 34,,,Bhillai
2021-11-24,14.38,9.38,67.78,57.32,0,0,0,Table 34,,,Bhillai
2021-11-27,13.96,9.58,67.94,57.38,0,0,0,Table 34,,,Bhillai
,0,0,0,0,0,0,0,Table 34,,,Bhillai
,0,0,0,0,0,0,0,Table 34,,,Bhillai
,0,0,0,0,0,0,0,Table 34,,,Bhillai
,0,0,0,0,0,0,0,Table 34,,,Bhillai
,0,0,0,0,0,0,0,Table 34,,,Bhillai
2021-02-11,14.17,8.13,66.29,58.74,0,0,0,Table 35,,,Bhillai
2021-05-11,12.92,8.54,65.85,53.65,0,0,0,Table 35,,,Bhillai
2021-09-11,14.58,8.33,64.82,58.68,0,0,0,Table 35,,,Bhillai
2021-12-11,12.92,7.5,68.7,56.27,0,0,0,Table 35,,,Bhillai
2021-11-16,13.13,8.33,69.39,62.33,0,0,0,Table 35,,,Bhillai
2021-11-19,12.5,8.33,70.39,64.02,0,0,0,Table 35,,,Bhillai
2021-11-23,13.54,8.96,71.39,65.71,0,0,0,Table 35,,,Bhillai
,0,0,0,0,0,0,0,Table 35,,,Bhillai
,0,0,0,0,0,0,0,Table 35,,,Bhillai
,0,0,0,0,0,0,0,Table 35,,,Bhillai
,0,0,0,0,0,0,0,Table 35,,,Bhillai
,0,0,0,0,0,0,0,Table 35,,,Bhillai
2021-02-11,10.89,9.38,63.15,57.15,0,0,0,Table 36,,,Bhillai
2021-05-11,11.61,9.38,61.85,56.93,0,0,0,Table 36,,,Bhillai
2021-09-11,10.71,9.17,64.39,60.42,0,0,0,Table 36,,,Bhillai
2021-12-11,11.07,9.38,61.09,55.29,0,0,0,Table 36,,,Bhillai
2021-11-16,10.18,9.59,63.32,60.48,0,0,0,Table 36,,,Bhillai
2021-11-19,10.89,9.58,65.34,58.74,0,0,0,Table 36,,,Bhillai
2021-11-23,10.71,9.38,63.32,60.37,0,0,0,Table 36,,,Bhillai
,0,0,0,0,0,0,0,Table 36,,,Bhillai
,0,0,0,0,0,0,0,Table 36,,,Bhillai
,0,0,0,0,0,0,0,Table 36,,,Bhillai
,0,0,0,0,0,0,0,Table 36,,,Bhillai
2021-04-10,7.67,4.83,51.83,27.54,,,,Table 39,,,Bhillai
2021-07-10,7.83,4.33,49.07,26.22,,,,Table 39,,,Bhillai
2021-11-10,7.5,4.67,49.33,24.15,,,,Table 39,,,Bhillai
2021-10-18,7.67,4.33,48.13,23.95,,,,Table 39,,,Bhillai
2021-10-21,7.83,4.5,49.65,26.38,,,,Table 39,,,Bhillai
2021-10-28,7.67,4.67,48.87,24.14,,,,Table 39,,,Bhillai
2021-02-10,14.79,8.96,71.12,55.26,0,0,0,Table 40,,,Bhillai
2021-06-10,14.38,9.38,69.26,59.24,0,0,0,Table 40,,,Bhillai
2021-10-13,14.38,9.38,70.12,55.41,0,0,0,Table 40,,,Bhillai
2021-10-20,13.75,9.17,69.42,60.14,0,0,0,Table 40,,,Bhillai
2021-10-27,14.58,9.38,68.68,55.48,0,0,0,Table 40,,,Bhillai
,0,0,0,0,0,0,0,Table 40,,,Bhillai
,0,0,0,0,0,0,0,Table 40,,,Bhillai
,0,0,0,0,0,0,0,Table 40,,,Bhillai
,0,0,0,0,0,0,0,Table 40,,,Bhillai
,0,0,0,0,0,0,0,Table 40,,,Bhillai
,0,0,0,0,0,0,0,Table 40,,,Bhillai
,0,0,0,0,0,0,0,Table 40,,,Bhillai
2021-01-10,14.16,7.91,66.29,58.3,0,0,0,Table 41,,,Bhillai
2021-05-10,13.34,8.54,65.58,52.87,0,0,0,Table 41,,,Bhillai
2021-12-10,14.59,7.71,64.82,58.68,0,0,0,Table 41,,,Bhillai
2021-10-22,13.54,7.91,68.7,56.27,0,0,0,Table 41,,,Bhillai
2021-10-29,13.54,8.34,69.39,62.33,0,0,0,Table 41,,,Bhillai
,0,0,0,0,0,0,0,Table 41,,,Bhillai
,0,0,0,0,0,0,0,Table 41,,,Bhillai
,0,0,0,0,0,0,0,Table 41,,,Bhillai
,0,0,0,0,0,0,0,Table 41,,,Bhillai
,0,0,0,0,0,0,0,Table 41,,,Bhillai
,0,0,0,0,0,0,0,Table 41,,,Bhillai
,0,0,0,0,0,0,0,Table 41,,,Bhillai
2021-01-10,10.89,9.79,63.7,55.43,0,0,0,Table 42,,,Bhillai
,11.61,9.17,60.93,57.13,0,0,0,Table 42,,,Bhillai
2021-10-19,10.71,8.96,62.73,53.62,0,0,0,Table 42,,,Bhillai
2021-10-26,11.08,8.96,60.33,55.32,0,0,0,Table 42,,,Bhillai
2021-10-29,10.36,9.79,59.85,55.24,0,0,0,Table 42,,,Bhillai
,0,0,0,0,0,0,0,Table 42,,,Bhillai
,0,0,0,0,0,0,0,Table 42,,,Bhillai
,0,0,0,0,0,0,0,Table 42,,,Bhillai
,0,0,0,0,0,0,0,Table 42,,,Bhillai
,0,0,0,0,0,0,0,Table 42,,,Bhillai
,0,0,0,0,0,0,0,Table 42,,,Bhillai
,0,0,0,0,0,0,0,Table 42,,,Bhillai
2021-04-09,14.79,8.96,71.12,63.74,0,0,0,Table 44,,,Bhillai
2021-11-09,14.38,9.38,69.26,0,0,0,0,Table 44,,,Bhillai
2021-09-18,14.38,9.38,70.12,0,0,0,0,Table 44,,,Bhillai
2021-09-22,13.75,9.16,69.42,0,0,0,0,Table 44,,,Bhillai
2021-09-25,14.59,9.38,68.68,62.2,0,0,0,Table 44,,,Bhillai
,0,0,0,0,0,0,0,Table 44,,,Bhillai
,0,0,0,0,0,0,0,Table 44,,,Bhillai
,0,0,0,0,0,0,0,Table 44,,,Bhillai
,0,0,0,0,0,0,0,Table 44,,,Bhillai
,0,0,0,0,0,0,0,Table 44,,,Bhillai
,0,0,0,0,0,0,0,Table 44,,,Bhillai
,0,0,0,0,0,0,0,Table 44,,,Bhillai
2021-09-17,14.16,7.71,65.29,0,0,0,0,Table 45,,,Bhillai
2021-09-21,13.34,8.54,65.81,0,0,0,0,Table 45,,,Bhillai
2021-09-24,14.59,7.91,64.82,54.29,0,0,0,Table 45,,,Bhillai
2021-09-28,13.54,7.91,68.28,60.64,0,0,0,Table 45,,,Bhillai
,0,0,0,0,0,0,0,Table 45,,,Bhillai
,0,0,0,0,0,0,0,Table 45,,,Bhillai
,0,0,0,0,0,0,0,Table 45,,,Bhillai
,0,0,0,0,0,0,0,Table 45,,,Bhillai
,0,0,0,0,0,0,0,Table 45,,,Bhillai
,0,0,0,0,0,0,0,Table 45,,,Bhillai
,0,0,0,0,0,0,0,Table 45,,,Bhillai
,0,0,0,0,0,0,0,Table 45,,,Bhillai
2021-03-09,10.89,5.84,67.56,55.43,0,0,0,Table 46,,,Bhillai
2021-09-17,11.61,6.25,66.79,57.13,0,0,0,Table 46,,,Bhillai
2021-09-21,10.71,6.67,66.13,0,0,0,0,Table 46,,,Bhillai
2021-09-24,11.79,6.88,64.74,0,0,0,0,Table 46,,,Bhillai
,0,0,0,0,0,0,0,Table 46,,,Bhillai
,0,0,0,0,0,0,0,Table 46,,,Bhillai
,0,0,0,0,0,0,0,Table 46,,,Bhillai
,0,0,0,0,0,0,0,Table 46,,,Bhillai
,0,0,0,0,0,0,0,Table 46,,,Bhillai
,0,0,0,0,0,0,0,Table 46,,,Bhillai
,0,0,0,0,0,0,0,Table 46,,,Bhillai
,0,0,0,0,0,0,0,Table 46,,,Bhillai
2021-04-08,14.79,8.54,69.92,62.03,0,0,0,Table 48,,,Bhillai
2021-07-08,14.17,9.38,69.45,61.88,0,0,0,Table 48,,,Bhillai
2021-11-08,14.58,8.75,67.41,64.36,0,0,0,Table 48,,,Bhillai
2021-08-21,12.71,8.13,67.81,55.68,0,0,0,Table 48,,,Bhillai
2021-08-25,14.17,8.96,66.84,65.54,0,0,0,Table 48,,,Bhillai
2021-08-28,15,8.75,68.71,63.75,0,0,0,Table 48,,,Bhillai
,0,0,0,0,0,0,0,Table 48,,,Bhillai
,0,0,0,0,0,0,0,Table 48,,,Bhillai
,0,0,0,0,0,0,0,Table 48,,,Bhillai
,0,0,0,0,0,0,0,Table 48,,,Bhillai
,0,0,0,0,0,0,0,Table 48,,,Bhillai
,0,0,0,0,0,0,0,Table 48,,,Bhillai
2021-03-08,13.96,7.71,64.16,59.5,0,0,0,Table 49,,,Bhillai
2021-10-08,12.92,7.92,65.56,50.81,0,0,0,Table 49,,,Bhillai
2021-08-13,14.38,7.71,64.86,53.48,0,0,0,Table 49,,,Bhillai
2021-08-20,12.92,7.5,64.18,58.96,0,0,0,Table 49,,,Bhillai
2021-08-24,12.5,8.13,65.29,55.7,0,0,0,Table 49,,,Bhillai
2021-08-31,12.71,7.92,65.4,57,0,0,0,Table 49,,,Bhillai
,0,0,0,0,0,0,0,Table 49,,,Bhillai
,0,0,0,0,0,0,0,Table 49,,,Bhillai
,0,0,0,0,0,0,0,Table 49,,,Bhillai
,0,0,0,0,0,0,0,Table 49,,,Bhillai
,0,0,0,0,0,0,0,Table 49,,,Bhillai
,0,0,0,0,0,0,0,Table 49,,,Bhillai
2021-03-08,10.89,5.83,62.97,55.43,0,0,0,Table 50,,,Bhillai
2021-10-08,11.61,6.25,60.96,57.13,0,0,0,Table 50,,,Bhillai
2021-08-13,10.71,6.67,62.24,56.32,0,0,0,Table 50,,,Bhillai
2021-08-20,11.79,6.88,59.52,55.63,0,0,0,Table 50,,,Bhillai
2021-08-24,10.71,5.83,59.84,49.68,0,0,0,Table 50,,,Bhillai
2021-08-31,10.71,6.88,59.84,49.83,0,0,0,Table 50,,,Bhillai
,0,0,0,0,0,0,0,Table 50,,,Bhillai
,0,0,0,0,0,0,0,Table 50,,,Bhillai
,0,0,0,0,0,0,0,Table 50,,,Bhillai
,0,0,0,0,0,0,0,Table 50,,,Bhillai
,0,0,0,0,0,0,0,Table 50,,,Bhillai
,0,0,0,0,0,0,0,Table 50,,,Bhillai
2021-03-07,14.38,8.33,67.7,57.38,0,0,0,Table 52,,,Bhillai
2021-07-07,13.54,8.75,66.42,57.92,0,0,0,Table 52,,,Bhillai
2021-10-07,14.58,8.54,67.95,60.56,0,0,0,Table 52,,,Bhillai
2021-07-17,12.5,8.13,67.67,53.01,0,0,0,Table 52,,,Bhillai
2021-07-24,14.17,8.75,66.92,51.46,0,0,0,Table 52,,,Bhillai
,0,0,0,0,0,0,0,Table 52,,,Bhillai
,0,0,0,0,0,0,0,Table 52,,,Bhillai
,0,0,0,0,0,0,0,Table 52,,,Bhillai
,0,0,0,0,0,0,0,Table 52,,,Bhillai
,0,0,0,0,0,0,0,Table 52,,,Bhillai
,0,0,0,0,0,0,0,Table 52,,,Bhillai
,0,0,0,0,0,0,0,Table 52,,,Bhillai
2021-09-07,13.54,7.71,62.61,59.19,0,0,0,Table 53,,,Bhillai
2021-07-13,12.71,7.5,64.75,54.01,0,0,0,Table 53,,,Bhillai
2021-07-16,14.17,8.13,64.05,58.57,0,0,0,Table 53,,,Bhillai
2021-07-20,12.5,7.29,64.06,53.99,0,0,0,Table 53,,,Bhillai
2021-07-27,12.08,7.5,64.93,54.56,0,0,0,Table 53,,,Bhillai
,0,0,0,0,0,0,0,Table 53,,,Bhillai
,0,0,0,0,0,0,0,Table 53,,,Bhillai
,0,0,0,0,0,0,0,Table 53,,,Bhillai
,0,0,0,0,0,0,0,Table 53,,,Bhillai
,0,0,0,0,0,0,0,Table 53,,,Bhillai
,0,0,0,0,0,0,0,Table 53,,,Bhillai
,0,0,0,0,0,0,0,Table 53,,,Bhillai
2021-09-07,10.89,5.42,62.17,58.8,0,0,0,Table 54,,,Bhillai
2021-07-13,11.61,6.25,60.89,55.41,0,0,0,Table 54,,,Bhillai
2021-07-16,10.71,6.04,61.26,56.32,0,0,0,Table 54,,,Bhillai
2021-07-20,11.79,5.83,59.52,52.66,0,0,0,Table 54,,,Bhillai
2021-07-27,10.71,5,59.84,47.06,0,0,0,Table 54,,,Bhillai
,0,0,0,0,0,0,0,Table 54,,,Bhillai
,0,0,0,0,0,0,0,Table 54,,,Bhillai
,0,0,0,0,0,0,0,Table 54,,,Bhillai
,0,0,0,0,0,0,0,Table 54,,,Bhillai
,0,0,0,0,0,0,0,Table 54,,,Bhillai
,0,0,0,0,0,0,0,Table 54,,,Bhillai
,0,0,0,0,0,0,0,Table 54,,,Bhillai
2021-02-06,13.13,8.75,67.5,60.76,0,0,0,Table 56,,,Bhillai
2021-05-06,13.96,9.38,66.21,61.56,0,0,0,Table 56,,,Bhillai
2021-06-16,15,8.96,67.74,63.58,0,0,0,Table 56,,,Bhillai
2021-06-26,14.58,9.38,67.45,62.4,0,0,0,Table 56,,,Bhillai
2021-06-30,14.58,9.38,66.78,56.47,0,0,0,Table 56,,,Bhillai
,0,0,0,0,0,0,0,Table 56,,,Bhillai
,0,0,0,0,0,0,0,Table 56,,,Bhillai
,0,0,0,0,0,0,0,Table 56,,,Bhillai
,0,0,0,0,0,0,0,Table 56,,,Bhillai
,0,0,0,0,0,0,0,Table 56,,,Bhillai
,0,0,0,0,0,0,0,Table 56,,,Bhillai
,0,0,0,0,0,0,0,Table 56,,,Bhillai
2021-01-06,12.5,7.5,60.55,59.06,0,0,0,Table 57,,,Bhillai
2021-08-06,13.13,7.71,62.74,50.1,0,0,0,Table 57,,,Bhillai
2021-06-15,13.75,8.54,63.4,51.64,0,0,0,Table 57,,,Bhillai
2021-06-22,13.33,7.5,63.76,58.67,0,0,0,Table 57,,,Bhillai
2021-06-29,13.13,8.13,65.22,56.83,0,0,0,Table 57,,,Bhillai
,0,0,0,0,0,0,0,Table 57,,,Bhillai
,0,0,0,0,0,0,0,Table 57,,,Bhillai
,0,0,0,0,0,0,0,Table 57,,,Bhillai
,0,0,0,0,0,0,0,Table 57,,,Bhillai
,0,0,0,0,0,0,0,Table 57,,,Bhillai
,0,0,0,0,0,0,0,Table 57,,,Bhillai
,0,0,0,0,0,0,0,Table 57,,,Bhillai
2021-01-06,10.89,5.21,59.02,47.58,0,0,0,Table 58,,,Bhillai
2021-08-06,11.43,5.63,59.31,47.33,0,0,0,Table 58,,,Bhillai
2021-06-15,10.71,5.63,60.65,43.36,0,0,0,Table 58,,,Bhillai
2021-06-22,10.54,5.83,59.61,49.02,0,0,0,Table 58,,,Bhillai
2021-06-29,10.36,5,59.77,42.1,0,0,0,Table 58,,,Bhillai
,0,0,0,0,0,0,0,Table 58,,,Bhillai
,0,0,0,0,0,0,0,Table 58,,,Bhillai
,0,0,0,0,0,0,0,Table 58,,,Bhillai
,0,0,0,0,0,0,0,Table 58,,,Bhillai
,0,0,0,0,0,0,0,Table 58,,,Bhillai
,0,0,0,0,0,0,0,Table 58,,,Bhillai
,0,0,0,0,0,0,0,Table 58,,,Bhillai
2021-12-05,13.54,7.92,65.08,47.04,0,0,0,Table 60,,,Bhillai
2021-05-15,14.17,8.75,66.78,54.8,0,0,0,Table 60,,,Bhillai
2021-05-19,15,10,68.41,60.58,0,0,0,Table 60,,,Bhillai
2021-05-22,15.63,9.79,67.67,61.37,0,0,0,Table 60,,,Bhillai
2021-05-26,14.58,9.38,68.12,65.22,0,0,0,Table 60,,,Bhillai
2021-05-29,15.42,9.58,67.19,66.56,0,0,0,Table 60,,,Bhillai
,0,0,0,0,0,0,0,Table 60,,,Bhillai
,0,0,0,0,0,0,0,Table 60,,,Bhillai
,0,0,0,0,0,0,0,Table 60,,,Bhillai
,0,0,0,0,0,0,0,Table 60,,,Bhillai
,0,0,0,0,0,0,0,Table 60,,,Bhillai
,0,0,0,0,0,0,0,Table 60,,,Bhillai
2021-07-05,12.29,7.29,59.81,41.12,0,0,0,Table 61,,,Bhillai
2021-11-05,12.71,7.5,61.86,45.12,0,0,0,Table 61,,,Bhillai
2021-05-14,13.33,8.54,62.34,48.77,0,0,0,Table 61,,,Bhillai
2021-05-18,13.75,7.71,63.63,58.31,0,0,0,Table 61,,,Bhillai
2021-05-21,13.54,8.33,64.62,56.4,0,0,0,Table 61,,,Bhillai
2021-05-25,14.17,8.54,64.14,52.96,0,0,0,Table 61,,,Bhillai
2021-05-28,12.5,7.92,63.39,57.99,0,0,0,Table 61,,,Bhillai
,0,0,0,0,0,0,0,Table 61,,,Bhillai
,0,0,0,0,0,0,0,Table 61,,,Bhillai
,0,0,0,0,0,0,0,Table 61,,,Bhillai
,0,0,0,0,0,0,0,Table 61,,,Bhillai
,0,0,0,0,0,0,0,Table 61,,,Bhillai
2021-04-05,11.07,5.21,54.55,42.94,0,0,0,Table 62,,,Bhillai
2021-11-05,11.79,5.63,56.45,40.77,0,0,0,Table 62,,,Bhillai
2021-05-14,12.14,5.42,57.99,45.6,0,0,0,Table 62,,,Bhillai
2021-05-18,12.68,5.83,57.4,50.24,0,0,0,Table 62,,,Bhillai
2021-05-21,11.96,5,58.44,47.13,0,0,0,Table 62,,,Bhillai
2021-05-25,11.61,6.04,57.13,45.53,0,0,0,Table 62,,,Bhillai
2021-05-28,6.96,5.21,59.64,47.01,0,0,0,Table 62,,,Bhillai
,0,0,0,0,0,0,0,Table 62,,,Bhillai
,0,0,0,0,0,0,0,Table 62,,,Bhillai
,0,0,0,0,0,0,0,Table 62,,,Bhillai
,0,0,0,0,0,0,0,Table 62,,,Bhillai
,0,0,0,0,0,0,0,Table 62,,,Bhillai
,10.31,7.19,64.56,42.46,0,0,0,Table 64,,,Bhillai
2021-06-04,6.88,4.69,35.1,25.75,0,0,0,Table 64,,,Bhillai
2021-09-04,6.25,4.69,34.11,25.53,0,0,0,Table 64,,,Bhillai
2021-04-13,6.88,4.69,32.81,25.13,0,0,0,Table 64,,,Bhillai
2021-04-16,6.56,4.38,33.88,23.57,0,0,0,Table 64,,,Bhillai
2021-04-27,6.25,4.38,33.08,23.51,0,0,0,Table 64,,,Bhillai
2021-04-30,7.91,5.41,33.21,27.66,0,0,0,Table 64,,,Bhillai
,0,0,0,0,0,0,0,Table 64,,,Bhillai
,0,0,0,0,0,0,0,Table 64,,,Bhillai
,0,0,0,0,0,0,0,Table 64,,,Bhillai
,0,0,0,0,0,0,0,Table 64,,,Bhillai
,0,0,0,0,0,0,0,Table 64,,,Bhillai
2021-02-04,7,3.75,52.17,33.33,0,0,0,Table 65,,,Bhillai
2021-06-04,6.5,3.13,38.72,32.12,0,0,0,Table 65,,,Bhillai
2021-09-04,6,4.06,35.71,27.34,0,0,0,Table 65,,,Bhillai
2021-04-13,6,5,34.77,24.14,0,0,0,Table 65,,,Bhillai
2021-04-16,5.8,3.75,35.44,25.43,0,0,0,Table 65,,,Bhillai
2021-04-27,5.71,4.59,35.77,22.34,0,0,0,Table 65,,,Bhillai
2021-04-30,6.79,3.79,35.74,27.46,0,0,0,Table 65,,,Bhillai
,0,0,0,0,0,0,0,Table 65,,,Bhillai
,0,0,0,0,0,0,0,Table 65,,,Bhillai
,0,0,0,0,0,0,0,Table 65,,,Bhillai
,0,0,0,0,0,0,0,Table 65,,,Bhillai
,0,0,0,0,0,0,0,Table 65,,,Bhillai
2021-03-04,16.38,8.13,64.49,38.43,0,0,0,Table 66,,,Bhillai
2021-07-04,5.63,5.1,34.64,29.71,0,0,0,Table 66,,,Bhillai
2021-10-04,5.63,4.38,34.19,28.98,0,0,0,Table 66,,,Bhillai
2021-04-17,5.63,4.38,34.63,29.28,0,0,0,Table 66,,,Bhillai
2021-04-24,5.63,4.38,35.13,27.37,0,0,0,Table 66,,,Bhillai
2021-04-28,5.21,4.38,34.2,25.8,0,0,0,Table 66,,,Bhillai
,0,0,0,0,0,0,0,Table 66,,,Bhillai
,0,0,0,0,0,0,0,Table 66,,,Bhillai
,0,0,0,0,0,0,0,Table 66,,,Bhillai
,0,0,0,0,0,0,0,Table 66,,,Bhillai
,0,0,0,0,0,0,0,Table 66,,,Bhillai
,0,0,0,0,0,0,0,Table 66,,,Bhillai
2021-02-03,12.25,6.25,68.15,57.5,0,0,0,Table 67,,,Bhillai
2021-05-03,14.75,7.19,69.32,59.31,0,0,0,Table 67,,,Bhillai
2021-09-03,13.25,7.5,69.63,55.95,0,0,0,Table 67,,,Bhillai
2021-12-03,14.25,7.19,68.52,57.28,0,0,0,Table 67,,,Bhillai
2021-03-16,15.5,6.88,68.84,57.5,0,0,0,Table 67,,,Bhillai
2021-03-23,14.46,6.66,67.29,58.89,0,0,0,Table 67,,,Bhillai
2021-03-26,13.75,6.88,70.35,59.07,0,0,0,Table 67,,,Bhillai
,0,0,0,0,0,0,0,Table 67,,,Bhillai
,0,0,0,0,0,0,0,Table 67,,,Bhillai
,0,0,0,0,0,0,0,Table 67,,,Bhillai
,0,0,0,0,0,0,0,Table 67,,,Bhillai
,0,0,0,0,0,0,0,Table 67,,,Bhillai
2021-03-03,18.13,9.06,74.28,82.18,0,0,0,Table 68,,,Bhillai
2021-06-03,19.06,11.56,79.46,74.92,0,0,0,Table 68,,,Bhillai
2021-10-03,19.38,12.19,77.7,73.16,0,0,0,Table 68,,,Bhillai
2021-03-13,19.06,11.25,76.96,78.26,0,0,0,Table 68,,,Bhillai
2021-03-17,18.44,10.94,71.65,72.91,0,0,0,Table 68,,,Bhillai
2021-03-20,18.96,10.63,75.22,76.74,0,0,0,Table 68,,,Bhillai
2021-03-27,18.13,11.04,76.96,75.05,0,0,0,Table 68,,,Bhillai
,0,0,0,0,0,0,0,Table 68,,,Bhillai
,0,0,0,0,0,0,0,Table 68,,,Bhillai
,0,0,0,0,0,0,0,Table 68,,,Bhillai
,0,0,0,0,0,0,0,Table 68,,,Bhillai
,0,0,0,0,0,0,0,Table 68,,,Bhillai
2021-01-03,11.25,4.69,61.39,53.96,0,0,0,Table 69,,,Bhillai
2021-04-03,10.94,5.31,60.51,52,0,0,0,Table 69,,,Bhillai
2021-08-03,10.63,6.56,61.46,50.22,0,0,0,Table 69,,,Bhillai
2021-03-15,11.25,5.31,61.89,53.91,0,0,0,Table 69,,,Bhillai
2021-03-18,12.19,5.94,61.63,50.38,0,0,0,Table 69,,,Bhillai
2021-03-22,11.46,5.41,62.5,50.46,0,0,0,Table 69,,,Bhillai
2021-03-25,12.29,5.63,61.26,52.15,0,0,0,Table 69,,,Bhillai
,0,0,0,0,0,0,0,Table 69,,,Bhillai
,0,0,0,0,0,0,0,Table 69,,,Bhillai
,0,0,0,0,0,0,0,Table 69,,,Bhillai
,0,0,0,0,0,0,0,Table 69,,,Bhillai
,0,0,0,0,0,0,0,Table 69,,,Bhillai
2021-03-03,14.38,8.75,74.55,72.06,0,0,0,Table 70,,,Bhillai
2021-05-03,15.63,8.44,70.81,70.66,0,0,0,Table 70,,,Bhillai
2021-09-03,15.94,10,75.39,77.65,0,0,0,Table 70,,,Bhillai
2021-12-03,16.56,9.06,72.76,66.47,0,0,0,Table 70,,,Bhillai
2021-03-16,16.25,9.69,70.9,69,0,0,0,Table 70,,,Bhillai
2021-03-23,16.46,9.59,69.75,72.06,0,0,0,Table 70,,,Bhillai
2021-03-26,15.84,9.16,70.09,69.85,0,0,0,Table 70,,,Bhillai
,0,0,0,0,0,0,0,Table 70,,,Bhillai
,0,0,0,0,0,0,0,Table 70,,,Bhillai
,0,0,0,0,0,0,0,Table 70,,,Bhillai
,0,0,0,0,0,0,0,Table 70,,,Bhillai
,0,0,0,0,0,0,0,Table 70,,,Bhillai
2021-01-02,11.25,4.69,60.35,52.37,0,0,0,Table 71,,,Bhillai
2021-04-02,10.94,5.31,59.99,50.41,0,0,0,Table 71,,,Bhillai
2021-08-02,10.63,6.56,61.16,49.14,0,0,0,Table 71,,,Bhillai
2021-11-02,11.25,5.31,60.35,52.32,0,0,0,Table 71,,,Bhillai
2021-02-18,14.38,5.94,61.3,49.29,0,0,0,Table 71,,,Bhillai
2021-02-22,11.56,5.31,61.22,49.37,0,0,0,Table 71,,,Bhillai
,0,0,0,0,0,0,0,Table 71,,,Bhillai
,0,0,0,0,0,0,0,Table 71,,,Bhillai
,0,0,0,0,0,0,0,Table 71,,,Bhillai
,0,0,0,0,0,0,0,Table 71,,,Bhillai
,0,0,0,0,0,0,0,Table 71,,,Bhillai
,0,0,0,0,0,0,0,Table 71,,,Bhillai
2021-02-02,13,6.25,68.4,55.81,0,0,0,Table 72,,,Bhillai
2021-05-02,14.75,7.19,69.39,57.6,0,0,0,Table 72,,,Bhillai
2021-09-02,13.25,7.19,69.71,55.93,0,0,0,Table 72,,,Bhillai
2021-12-02,14.25,7.19,68.87,57.44,0,0,0,Table 72,,,Bhillai
2021-02-16,15.25,6.88,69.72,56.05,0,0,0,Table 72,,,Bhillai
2021-02-23,14,6.25,66.96,57.37,0,0,0,Table 72,,,Bhillai
,0,0,0,0,0,0,0,Table 72,,,Bhillai
,0,0,0,0,0,0,0,Table 72,,,Bhillai
,0,0,0,0,0,0,0,Table 72,,,Bhillai
,0,0,0,0,0,0,0,Table 72,,,Bhillai
,0,0,0,0,0,0,0,Table 72,,,Bhillai
,0,0,0,0,0,0,0,Table 72,,,Bhillai
2021-02-02,14.38,8.75,73.71,70.56,0,0,0,Table 73,,,Bhillai
2021-05-02,15.63,8.44,70.39,68.65,0,0,0,Table 73,,,Bhillai
2021-09-02,15.94,10,74.67,75.57,0,0,0,Table 73,,,Bhillai
2021-12-02,16.56,9.06,72.38,65.46,0,0,0,Table 73,,,Bhillai
2021-02-19,16.25,9.69,70.06,66.94,0,0,0,Table 73,,,Bhillai
2021-02-23,13.75,7.19,67.76,70.51,0,0,0,Table 73,,,Bhillai
,0,0,0,0,0,0,0,Table 73,,,Bhillai
,0,0,0,0,0,0,0,Table 73,,,Bhillai
,0,0,0,0,0,0,0,Table 73,,,Bhillai
,0,0,0,0,0,0,0,Table 73,,,Bhillai
,0,0,0,0,0,0,0,Table 73,,,Bhillai
,0,0,0,0,0,0,0,Table 73,,,Bhillai
2021-03-02,18.13,9.06,73.75,80.51,0,0,0,Table 74,,,Bhillai
2021-06-02,19.06,11.56,78.63,73.84,0,0,0,Table 74,,,Bhillai
2021-10-02,19.38,12.19,77.22,75.57,0,0,0,Table 74,,,Bhillai
2021-02-13,19.38,10.94,76.23,77.25,0,0,0,Table 74,,,Bhillai
2021-02-17,18.44,10.94,71.59,73.73,0,0,0,Table 74,,,Bhillai
2021-02-27,19.69,12.19,78.95,75.56,0,0,0,Table 74,,,Bhillai
,0,0,0,0,0,0,0,Table 74,,,Bhillai
,0,0,0,0,0,0,0,Table 74,,,Bhillai
,0,0,0,0,0,0,0,Table 74,,,Bhillai
,0,0,0,0,0,0,0,Table 74,,,Bhillai
,0,0,0,0,0,0,0,Table 74,,,Bhillai
,0,0,0,0,0,0,0,Table 74,,,Bhillai
2021-04-01,11.25,4.69,55.33,49.62,0,0,0,Table 75,,,Bhillai
2021-07-01,10.63,5,54.45,47.56,0,0,0,Table 75,,,Bhillai
2021-11-01,10.63,5.94,53.89,45.6,0,0,0,Table 75,,,Bhillai
2021-01-14,10.94,5.31,55.88,42.79,0,0,0,Table 75,,,Bhillai
2021-01-18,11.56,5.63,54.28,49.22,0,0,0,Table 75,,,Bhillai
2021-01-21,11.25,5.31,54.55,41.09,0,0,0,Table 75,,,Bhillai
,0,0,0,0,0,0,0,Table 75,,,Bhillai
,0,0,0,0,0,0,0,Table 75,,,Bhillai
,0,0,0,0,0,0,0,Table 75,,,Bhillai
,0,0,0,0,0,0,0,Table 75,,,Bhillai
,0,0,0,0,0,0,0,Table 75,,,Bhillai
2021-05-01,14.38,8.75,73.18,63.77,0,0,0,Table 77,,,Bhillai
2021-08-01,15.31,8.13,68.32,60.21,0,0,0,Table 77,,,Bhillai
2021-12-01,15.63,9.38,74.17,65.44,0,0,0,Table 77,,,Bhillai
2021-01-15,15.94,9.06,72.22,65.46,0,0,0,Table 77,,,Bhillai
2021-01-19,15.94,9.38,69.54,66.94,0,0,0,Table 77,,,Bhillai
2021-01-22,15,8.54,69.86,65.44,0,0,0,Table 77,,,Bhillai
,0,0,0,0,0,0,0,Table 77,,,Bhillai
,0,0,0,0,0,0,0,Table 77,,,Bhillai
,0,0,0,0,0,0,0,Table 77,,,Bhillai
,0,0,0,0,0,0,0,Table 77,,,Bhillai
,0,0,0,0,0,0,0,Table 77,,,Bhillai
,0,0,0,0,0,0,0,Table 77,,,Bhillai
2021-06-01,17.81,9.06,70.25,78.78,0,0,0,Table 78,,,Bhillai
2021-09-01,19.38,11.25,76.55,72.2,0,0,0,Table 78,,,Bhillai
2021-11-01,19.06,12.19,77.21,75.57,0,0,0,Table 78,,,Bhillai
2021-01-16,19.38,10.94,75.72,71.69,0,0,0,Table 78,,,Bhillai
2021-01-23,18.44,10.94,70.58,72.01,0,0,0,Table 78,,,Bhillai
2021-01-27,19.69,12.19,76.95,75.63,0,0,0,Table 78,,,Bhillai
,0,0,0,0,0,0,0,Table 78,,,Bhillai
,0,0,0,0,0,0,0,Table 78,,,Bhillai
,0,0,0,0,0,0,0,Table 78,,,Bhillai
,0,0,0,0,0,0,0,Table 78,,,Bhillai
,0,0,0,0,0,0,0,Table 78,,,Bhillai
,0,0,0,0,0,0,0,Table 78,,,Bhillai
2021-05-01,13,6.25,65.76,55.48,0,0,0,Table 79,,,Bhillai
2021-08-01,13.75,7.19,67.87,54.24,0,0,0,Table 79,,,Bhillai
2021-12-01,13.25,7.19,68.06,52.37,0,0,0,Table 79,,,Bhillai
2021-01-15,14.25,6.88,67.37,57.32,0,0,0,Table 79,,,Bhillai
2021-01-19,14.82,6.67,67.83,54.29,0,0,0,Table 79,,,Bhillai
2021-01-22,13,6.25,66.49,55.63,0,0,0,Table 79,,,Bhillai
,0,0,0,0,0,0,0,Table 79,,,Bhillai
,0,0,0,0,0,0,0,Table 79,,,Bhillai
,0,0,0,0,0,0,0,Table 79,,,Bhillai
,0,0,0,0,0,0,0,Table 79,,,Bhillai
,0,0,0,0,0,0,0,Table 79,,,Bhillai
,0,0,0,0,0,0,0,Table 79,,,Bhillai
2020-03-12,11.25,4.69,52.78,47.96,0,0,0,Table 80,,,Bhillai
2020-07-12,10.94,5,52.8,48.34,0,0,0,Table 80,,,Bhillai
2020-10-12,11.25,5.63,53.89,47.26,0,0,0,Table 80,,,Bhillai
2020-12-14,11.56,5.31,55.24,50.63,0,0,0,Table 80,,,Bhillai
2020-12-17,10.63,5.63,54.61,47.39,0,0,0,Table 80,,,Bhillai
2020-12-28,11.56,5.31,53.55,49.22,0,0,0,Table 80,,,Bhillai
,0,0,0,0,0,0,0,Table 80,,,Bhillai
,0,0,0,0,0,0,0,Table 80,,,Bhillai
,0,0,0,0,0,0,0,Table 80,,,Bhillai
,0,0,0,0,0,0,0,Table 80,,,Bhillai
,0,0,0,0,0,0,0,Table 80,,,Bhillai
,0,0,0,0,0,0,0,Table 80,,,Bhillai
2020-01-12,13,6.56,62.14,54.33,0,0,0,Table 81,,,Bhillai
2020-04-12,12,6.25,60.62,52.55,0,0,0,Table 81,,,Bhillai
2020-11-12,12.75,6.56,64.24,55.75,0,0,0,Table 81,,,Bhillai
2020-12-22,12.5,6.88,62.35,57.32,0,0,0,Table 81,,,Bhillai
2020-12-29,11.75,6.88,59.9,51.91,0,0,0,Table 81,,,Bhillai
,0,0,0,0,0,0,0,Table 81,,,Bhillai
,0,0,0,0,0,0,0,Table 81,,,Bhillai
,0,0,0,0,0,0,0,Table 81,,,Bhillai
,0,0,0,0,0,0,0,Table 81,,,Bhillai
,0,0,0,0,0,0,0,Table 81,,,Bhillai
,0,0,0,0,0,0,0,Table 81,,,Bhillai
,0,0,0,0,0,0,0,Table 81,,,Bhillai
2020-02-12,14.06,9.69,72.76,63.58,0,0,0,Table 82,,,Bhillai
2020-05-12,15.94,10,73.84,66.39,0,0,0,Table 82,,,Bhillai
2020-12-12,16.88,10.94,74.24,65.26,0,0,0,Table 82,,,Bhillai
2020-12-19,17.81,11.25,74.63,71.69,0,0,0,Table 82,,,Bhillai
2020-12-26,14.06,9.69,74,68.87,0,0,0,Table 82,,,Bhillai
,0,0,0,0,0,0,0,Table 82,,,Bhillai
,0,0,0,0,0,0,0,Table 82,,,Bhillai
,0,0,0,0,0,0,0,Table 82,,,Bhillai
,0,0,0,0,0,0,0,Table 82,,,Bhillai
,0,0,0,0,0,0,0,Table 82,,,Bhillai
,0,0,0,0,0,0,0,Table 82,,,Bhillai
,0,0,0,0,0,0,0,Table 82,,,Bhillai
2020-01-12,14.38,8.75,69.87,62.01,0,0,0,Table 83,,,Bhillai
2020-04-12,15.31,8.13,64.86,63.58,0,0,0,Table 83,,,Bhillai
2020-11-12,15.63,9.38,69.67,65.44,0,0,0,Table 83,,,Bhillai
2020-12-22,15.94,9.06,69.22,65.46,0,0,0,Table 83,,,Bhillai
2020-12-25,14.69,8.75,67.99,61.52,0,0,0,Table 83,,,Bhillai
,0,0,0,0,0,0,0,Table 83,,,Bhillai
,0,0,0,0,0,0,0,Table 83,,,Bhillai
,0,0,0,0,0,0,0,Table 83,,,Bhillai
,0,0,0,0,0,0,0,Table 83,,,Bhillai
,0,0,0,0,0,0,0,Table 83,,,Bhillai
,0,0,0,0,0,0,0,Table 83,,,Bhillai
,0,0,0,0,0,0,0,Table 83,,,Bhillai
2020-02-11,10.31,4.69,52.98,48.84,0,0,0,Table 84,,,Bhillai
2020-09-11,10.94,4.69,50.99,48.65,0,0,0,Table 84,,,Bhillai
2020-12-11,11.56,4.69,52.09,47.33,0,0,0,Table 84,,,Bhillai
2020-11-16,10.63,5,54.75,46.02,0,0,0,Table 84,,,Bhillai
2020-11-19,10.63,5,51.93,48.92,0,0,0,Table 84,,,Bhillai
2020-11-26,10,5,50.7,48.89,0,0,0,Table 84,,,Bhillai
,0,0,0,0,0,0,0,Table 84,,,Bhillai
,0,0,0,0,0,0,0,Table 84,,,Bhillai
,0,0,0,0,0,0,0,Table 84,,,Bhillai
,0,0,0,0,0,0,0,Table 84,,,Bhillai
,0,0,0,0,0,0,0,Table 84,,,Bhillai
,0,0,0,0,0,0,0,Table 84,,,Bhillai
2020-11-16,13.44,9.69,70.6,62.7,0,0,0,Table 85,,,Bhillai
2020-11-13,14.69,10.63,70.23,64.31,0,0,0,Table 85,,,Bhillai
2020-11-17,13.75,10.31,70.24,66.03,0,0,0,Table 85,,,Bhillai
2020-11-20,14.69,10,68.69,66.02,0,0,0,Table 85,,,Bhillai
2020-11-27,14.38,9.69,65.58,67.69,0,0,0,Table 85,,,Bhillai
,0,0,0,0,0,0,0,Table 85,,,Bhillai
,0,0,0,0,0,0,0,Table 85,,,Bhillai
,0,0,0,0,0,0,0,Table 85,,,Bhillai
,0,0,0,0,0,0,0,Table 85,,,Bhillai
,0,0,0,0,0,0,0,Table 85,,,Bhillai
,0,0,0,0,0,0,0,Table 85,,,Bhillai
,0,0,0,0,0,0,0,Table 85,,,Bhillai
2020-04-11,12.5,8.44,72.07,65.63,0,0,0,Table 86,,,Bhillai
2020-11-11,14.06,9.06,74.23,64.7,0,0,0,Table 86,,,Bhillai
2020-11-14,15,10,73.8,63.21,0,0,0,Table 86,,,Bhillai
2020-11-18,16.88,9.69,72.19,65.05,0,0,0,Table 86,,,Bhillai
2020-11-25,15.31,10.63,74.22,66.39,0,0,0,Table 86,,,Bhillai
,0,0,0,0,0,0,0,Table 86,,,Bhillai
,0,0,0,0,0,0,0,Table 86,,,Bhillai
,0,0,0,0,0,0,0,Table 86,,,Bhillai
,0,0,0,0,0,0,0,Table 86,,,Bhillai
,0,0,0,0,0,0,0,Table 86,,,Bhillai
,0,0,0,0,0,0,0,Table 86,,,Bhillai
,0,0,0,0,0,0,0,Table 86,,,Bhillai
2020-03-11,10.75,5.63,61.31,49.75,0,0,0,Table 87,,,Bhillai
2020-11-13,10.5,5.63,62.15,50.85,0,0,0,Table 87,,,Bhillai
2020-11-17,9.5,6.56,64.74,52.32,0,0,0,Table 87,,,Bhillai
2020-11-20,10,6.25,62.39,54.34,0,0,0,Table 87,,,Bhillai
2020-11-24,10.25,5.94,63.06,54.16,0,0,0,Table 87,,,Bhillai
,0,0,0,0,0,0,0,Table 87,,,Bhillai
,0,0,0,0,0,0,0,Table 87,,,Bhillai
,0,0,0,0,0,0,0,Table 87,,,Bhillai
,0,0,0,0,0,0,0,Table 87,,,Bhillai
,0,0,0,0,0,0,0,Table 87,,,Bhillai
,0,0,0,0,0,0,0,Table 87,,,Bhillai
,0,0,0,0,0,0,0,Table 87,,,Bhillai
2020-06-10,11.46,8.54,64.37,58.33,0,0,0,Table 88,,,Bhillai
2020-10-13,11.88,9.38,63.43,61.34,0,0,0,Table 88,,,Bhillai
2020-10-20,11.25,8.75,66.31,61.67,0,0,0,Table 88,,,Bhillai
2020-10-27,12.5,10.63,65.8,59.93,0,0,0,Table 88,,,Bhillai
2020-10-30,12.5,10,64.75,60.54,0,0,0,Table 88,,,Bhillai
,0,0,0,0,0,0,0,Table 88,,,Bhillai
,0,0,0,0,0,0,0,Table 88,,,Bhillai
,0,0,0,0,0,0,0,Table 88,,,Bhillai
,0,0,0,0,0,0,0,Table 88,,,Bhillai
,0,0,0,0,0,0,0,Table 88,,,Bhillai
,0,0,0,0,0,0,0,Table 88,,,Bhillai
,0,0,0,0,0,0,0,Table 88,,,Bhillai
2020-01-10,7.71,3.96,48.91,38.96,0,0,0,Table 89,,,Bhillai
2020-08-10,7.5,4.38,49.87,37.32,0,0,0,Table 89,,,Bhillai
2020-12-10,7.71,4.17,50.38,40.69,0,0,0,Table 89,,,Bhillai
2020-10-19,7.5,4.79,46.5,45.43,0,0,0,Table 89,,,Bhillai
2020-10-26,7.5,4.38,44.86,42.15,0,0,0,Table 89,,,Bhillai
,0,0,0,0,0,0,0,Table 89,,,Bhillai
,0,0,0,0,0,0,0,Table 89,,,Bhillai
,0,0,0,0,0,0,0,Table 89,,,Bhillai
,0,0,0,0,0,0,0,Table 89,,,Bhillai
,0,0,0,0,0,0,0,Table 89,,,Bhillai
,0,0,0,0,0,0,0,Table 89,,,Bhillai
,0,0,0,0,0,0,0,Table 89,,,Bhillai
2020-03-10,12.29,7.92,67.49,58.3,0,0,0,Table 90,,,Bhillai
2020-10-10,12.92,8.33,66.89,63.94,0,0,0,Table 90,,,Bhillai
2020-10-17,13.96,9.17,67.27,62.72,0,0,0,Table 90,,,Bhillai
2020-10-24,16.56,10.31,65.47,70.71,0,0,0,Table 90,,,Bhillai
2020-10-31,15.31,10.63,67.5,68.84,0,0,0,Table 90,,,Bhillai
,0,0,0,0,0,0,0,Table 90,,,Bhillai
,0,0,0,0,0,0,0,Table 90,,,Bhillai
,0,0,0,0,0,0,0,Table 90,,,Bhillai
,0,0,0,0,0,0,0,Table 90,,,Bhillai
,0,0,0,0,0,0,0,Table 90,,,Bhillai
,0,0,0,0,0,0,0,Table 90,,,Bhillai
,0,0,0,0,0,0,0,Table 90,,,Bhillai
2020-02-10,10.18,5.21,58.59,44.45,0,0,0,Table 91,,,Bhillai
2020-09-10,10,5.63,59.68,49.6,0,0,0,Table 91,,,Bhillai
2020-10-16,10,5.63,60.79,49.05,0,0,0,Table 91,,,Bhillai
2020-10-23,11,5.63,55.51,47.74,0,0,0,Table 91,,,Bhillai
2020-10-27,11.25,5.63,55.64,49.6,0,0,0,Table 91,,,Bhillai
,0,0,0,0,0,0,0,Table 91,,,Bhillai
,0,0,0,0,0,0,0,Table 91,,,Bhillai
,0,0,0,0,0,0,0,Table 91,,,Bhillai
,0,0,0,0,0,0,0,Table 91,,,Bhillai
,0,0,0,0,0,0,0,Table 91,,,Bhillai
,0,0,0,0,0,0,0,Table 91,,,Bhillai
,0,0,0,0,0,0,0,Table 91,,,Bhillai
2020-07-09,7.71,3.96,46.91,35.61,0,0,0,Table 92,,,Bhillai
2020-10-09,7.5,4.38,49.21,37.23,0,0,0,Table 92,,,Bhillai
2020-09-14,7.71,4.17,45.86,35.76,0,0,0,Table 92,,,Bhillai
2020-09-17,7.5,4.79,49.48,35.44,0,0,0,Table 92,,,Bhillai
2020-09-24,7.71,4.38,40.16,32.19,0,0,0,Table 92,,,Bhillai
2020-09-28,7.29,4.17,39.88,31.47,0,0,0,Table 92,,,Bhillai
,0,0,0,0,0,0,0,Table 92,,,Bhillai
,0,0,0,0,0,0,0,Table 92,,,Bhillai
,0,0,0,0,0,0,0,Table 92,,,Bhillai
,0,0,0,0,0,0,0,Table 92,,,Bhillai
,0,0,0,0,0,0,0,Table 92,,,Bhillai
,0,0,0,0,0,0,0,Table 92,,,Bhillai
2020-05-09,12.5,7.92,67.7,63.23,0,0,0,Table 93,,,Bhillai
2020-09-09,12.71,8.13,65.89,55,0,0,0,Table 93,,,Bhillai
2020-12-09,13.75,9.17,65.41,56.3,0,0,0,Table 93,,,Bhillai
2020-09-16,15.42,8.54,65.55,58.89,0,0,0,Table 93,,,Bhillai
2020-09-26,11.88,7.08,45.89,48.56,0,0,0,Table 93,,,Bhillai
2020-09-30,11.67,6.88,46.54,48.32,0,0,0,Table 93,,,Bhillai
,0,0,0,0,0,0,0,Table 93,,,Bhillai
,0,0,0,0,0,0,0,Table 93,,,Bhillai
,0,0,0,0,0,0,0,Table 93,,,Bhillai
,0,0,0,0,0,0,0,Table 93,,,Bhillai
,0,0,0,0,0,0,0,Table 93,,,Bhillai
,0,0,0,0,0,0,0,Table 93,,,Bhillai
2020-08-09,10.63,7.92,61.03,52.25,0,0,0,Table 94,,,Bhillai
2020-09-15,11.46,8.96,61.89,54.58,0,0,0,Table 94,,,Bhillai
2020-09-18,11.25,7.92,60.41,50.17,0,0,0,Table 94,,,Bhillai
2020-09-25,11.04,7.92,47.04,39.79,0,0,0,Table 94,,,Bhillai
2020-09-29,11.04,7.29,47.38,41.37,0,0,0,Table 94,,,Bhillai
,0,0,0,0,0,0,0,Table 94,,,Bhillai
,0,0,0,0,0,0,0,Table 94,,,Bhillai
,0,0,0,0,0,0,0,Table 94,,,Bhillai
,0,0,0,0,0,0,0,Table 94,,,Bhillai
,0,0,0,0,0,0,0,Table 94,,,Bhillai
,0,0,0,0,0,0,0,Table 94,,,Bhillai
,0,0,0,0,0,0,0,Table 94,,,Bhillai
2020-08-09,8.93,5,53.59,39.11,0,0,0,Table 95,,,Bhillai
2020-09-15,9.11,5.21,53.68,41.18,0,0,0,Table 95,,,Bhillai
2020-09-18,8.57,4.79,56.3,39.09,0,0,0,Table 95,,,Bhillai
2020-09-25,7.68,4.79,40.56,34.13,0,0,0,Table 95,,,Bhillai
2020-09-29,8.04,4.58,42.61,33.71,0,0,0,Table 95,,,Bhillai
,0,0,0,0,0,0,0,Table 95,,,Bhillai
,0,0,0,0,0,0,0,Table 95,,,Bhillai
,0,0,0,0,0,0,0,Table 95,,,Bhillai
,0,0,0,0,0,0,0,Table 95,,,Bhillai
,0,0,0,0,0,0,0,Table 95,,,Bhillai
,0,0,0,0,0,0,0,Table 95,,,Bhillai
,0,0,0,0,0,0,0,Table 95,,,Bhillai
2020-04-08,9.82,5,58.92,44.67,0,0,0,Table 96,,,Bhillai
2020-07-08,9.64,5.42,58.86,44.5,0,0,0,Table 96,,,Bhillai
2020-11-08,10,5.63,57.4,42.73,0,0,0,Table 96,,,Bhillai
2020-08-18,10.18,5.83,57.67,40.3,0,0,0,Table 96,,,Bhillai
2020-08-25,9.64,5.63,57.54,41.88,0,0,0,Table 96,,,Bhillai
,0,0,0,0,0,0,0,Table 96,,,Bhillai
,0,0,0,0,0,0,0,Table 96,,,Bhillai
,0,0,0,0,0,0,0,Table 96,,,Bhillai
,0,0,0,0,0,0,0,Table 96,,,Bhillai
,0,0,0,0,0,0,0,Table 96,,,Bhillai
,0,0,0,0,0,0,0,Table 96,,,Bhillai
,0,0,0,0,0,0,0,Table 96,,,Bhillai
2020-04-08,11.46,7.71,62.83,52.5,0,0,0,Table 97,,,Bhillai
2020-07-08,12.5,8.33,61.04,46.68,0,0,0,Table 97,,,Bhillai
2020-11-08,11.67,7.08,61.77,48.99,0,0,0,Table 97,,,Bhillai
2020-08-18,12.71,8.54,60.31,49.75,0,0,0,Table 97,,,Bhillai
2020-08-25,11.04,7.92,59.85,46.76,0,0,0,Table 97,,,Bhillai
,0,0,0,0,0,0,0,Table 97,,,Bhillai
,0,0,0,0,0,0,0,Table 97,,,Bhillai
,0,0,0,0,0,0,0,Table 97,,,Bhillai
,0,0,0,0,0,0,0,Table 97,,,Bhillai
,0,0,0,0,0,0,0,Table 97,,,Bhillai
,0,0,0,0,0,0,0,Table 97,,,Bhillai
,0,0,0,0,0,0,0,Table 97,,,Bhillai
2020-01-08,15.21,8.75,62.03,53.09,0,0,0,Table 98,,,Bhillai
2020-08-08,15,9.38,63.89,58.38,0,0,0,Table 98,,,Bhillai
2020-08-22,15.42,9.38,64.54,57.99,0,0,0,Table 98,,,Bhillai
2020-08-26,17.29,8.75,63.49,52.47,0,0,0,Table 98,,,Bhillai
,0,0,0,0,0,0,0,Table 98,,,Bhillai
,0,0,0,0,0,0,0,Table 98,,,Bhillai
,0,0,0,0,0,0,0,Table 98,,,Bhillai
,0,0,0,0,0,0,0,Table 98,,,Bhillai
,0,0,0,0,0,0,0,Table 98,,,Bhillai
,0,0,0,0,0,0,0,Table 98,,,Bhillai
,0,0,0,0,0,0,0,Table 98,,,Bhillai
,0,0,0,0,0,0,0,Table 98,,,Bhillai
2020-10-08,8.54,4.38,43.58,34.58,0,0,0,Table 99,,,Bhillai
2020-08-20,8.54,4.79,47.22,32.25,0,0,0,Table 99,,,Bhillai
2020-08-24,9.17,4.79,44.57,33.38,0,0,0,Table 99,,,Bhillai
2020-08-31,8.54,4.58,46.22,31.08,0,0,0,Table 99,,,Bhillai
,0,0,0,0,0,0,0,Table 99,,,Bhillai
,0,0,0,0,0,0,0,Table 99,,,Bhillai
,0,0,0,0,0,0,0,Table 99,,,Bhillai
,0,0,0,0,0,0,0,Table 99,,,Bhillai
,0,0,0,0,0,0,0,Table 99,,,Bhillai
,0,0,0,0,0,0,0,Table 99,,,Bhillai
,0,0,0,0,0,0,0,Table 99,,,Bhillai
,0,0,0,0,0,0,0,Table 99,,,Bhillai
2020-02-07,9.79,4.59,51.32,39.34,0,0,0,Table 100,,,Bhillai
2020-09-07,8.75,4.59,50.66,40.8,0,0,0,Table 100,,,Bhillai
2020-07-20,9.38,4.79,51.85,41.93,0,0,0,Table 100,,,Bhillai
2020-07-23,8.34,4.59,41.92,32.97,0,0,0,Table 100,,,Bhillai
2020-07-27,8.34,4.16,43.38,32.6,0,0,0,Table 100,,,Bhillai
2020-07-30,8.54,4.38,42.98,32.2,0,0,0,Table 100,,,Bhillai
,0,0,0,0,0,0,0,Table 100,,,Bhillai
,0,0,0,0,0,0,0,Table 100,,,Bhillai
,0,0,0,0,0,0,0,Table 100,,,Bhillai
,0,0,0,0,0,0,0,Table 100,,,Bhillai
,0,0,0,0,0,0,0,Table 100,,,Bhillai
,0,0,0,0,0,0,0,Table 100,,,Bhillai
2020-03-07,8.93,5.84,62.1,48.09,0,0,0,Table 101,,,Bhillai
2020-07-07,9.29,6.46,64.68,47.82,0,0,0,Table 101,,,Bhillai
2020-07-17,8.93,6.66,63.22,47.66,0,0,0,Table 101,,,Bhillai
2020-07-21,10,6.46,63.88,46.86,0,0,0,Table 101,,,Bhillai
2020-07-28,8.39,5.41,51.67,38.36,0,0,0,Table 101,,,Bhillai
2020-07-31,8.21,5.21,50.81,38.08,0,0,0,Table 101,,,Bhillai
,0,0,0,0,0,0,0,Table 101,,,Bhillai
,0,0,0,0,0,0,0,Table 101,,,Bhillai
,0,0,0,0,0,0,0,Table 101,,,Bhillai
,0,0,0,0,0,0,0,Table 101,,,Bhillai
,0,0,0,0,0,0,0,Table 101,,,Bhillai
,0,0,0,0,0,0,0,Table 101,,,Bhillai
2020-03-07,15.21,8.34,68.44,53.87,0,0,0,Table 102,,,Bhillai
2020-07-07,14.38,7.71,67.78,54.39,0,0,0,Table 102,,,Bhillai
2020-07-17,15,8.13,67.98,55.24,0,0,0,Table 102,,,Bhillai
2020-07-21,16.04,8.34,69.37,54.39,0,0,0,Table 102,,,Bhillai
2020-07-24,12.09,5.63,62.7,48.17,0,0,0,Table 102,,,Bhillai
2020-07-31,12.71,6.25,62.83,47.51,0,0,0,Table 102,,,Bhillai
,0,0,0,0,0,0,0,Table 102,,,Bhillai
,0,0,0,0,0,0,0,Table 102,,,Bhillai
,0,0,0,0,0,0,0,Table 102,,,Bhillai
,0,0,0,0,0,0,0,Table 102,,,Bhillai
,0,0,0,0,0,0,0,Table 102,,,Bhillai
,0,0,0,0,0,0,0,Table 102,,,Bhillai
2020-08-07,16.46,8.13,69.73,59.85,0,0,0,Table 103,,,Bhillai
2020-11-07,17.91,9.38,69.82,61.79,0,0,0,Table 103,,,Bhillai
2020-07-15,16.66,9.79,69.82,62.08,0,0,0,Table 103,,,Bhillai
2020-07-25,12.5,7.09,62.72,50.19,0,0,0,Table 103,,,Bhillai
2020-07-29,10.41,6.46,61.74,52.05,0,0,0,Table 103,,,Bhillai
,0,0,0,0,0,0,0,Table 103,,,Bhillai
,0,0,0,0,0,0,0,Table 103,,,Bhillai
,0,0,0,0,0,0,0,Table 103,,,Bhillai
,0,0,0,0,0,0,0,Table 103,,,Bhillai
,0,0,0,0,0,0,0,Table 103,,,Bhillai
,0,0,0,0,0,0,0,Table 103,,,Bhillai
,0,0,0,0,0,0,0,Table 103,,,Bhillai
,9.38,4.38,50.86,39.28,0,0,0,Table 104,,,Bhillai
,8.75,4.79,50.46,40.74,0,0,0,Table 104,,,Bhillai
2020-06-15,10.21,4.59,51.24,42.36,0,0,0,Table 104,,,Bhillai
2020-06-18,8.96,5.41,50.13,46.71,0,0,0,Table 104,,,Bhillai
2020-06-25,9.16,4.79,47.22,40.02,0,0,0,Table 104,,,Bhillai
,0,0,0,0,0,0,0,Table 104,,,Bhillai
,0,0,0,0,0,0,0,Table 104,,,Bhillai
,0,0,0,0,0,0,0,Table 104,,,Bhillai
,0,0,0,0,0,0,0,Table 104,,,Bhillai
,0,0,0,0,0,0,0,Table 104,,,Bhillai
,0,0,0,0,0,0,0,Table 104,,,Bhillai
,0,0,0,0,0,0,0,Table 104,,,Bhillai
2020-06-06,14.16,8.96,69.9,54.82,0,0,0,Table 105,,,Bhillai
2020-10-06,15.84,9.79,73.07,61.62,0,0,0,Table 105,,,Bhillai
2020-06-17,16.04,9.59,75.27,53.79,0,0,0,Table 105,,,Bhillai
2020-06-20,17.91,9.38,74.93,58.55,0,0,0,Table 105,,,Bhillai
2020-06-27,18.96,10.21,73.54,60.53,0,0,0,Table 105,,,Bhillai
,0,0,0,0,0,0,0,Table 105,,,Bhillai
,0,0,0,0,0,0,0,Table 105,,,Bhillai
,0,0,0,0,0,0,0,Table 105,,,Bhillai
,0,0,0,0,0,0,0,Table 105,,,Bhillai
,0,0,0,0,0,0,0,Table 105,,,Bhillai
,0,0,0,0,0,0,0,Table 105,,,Bhillai
,0,0,0,0,0,0,0,Table 105,,,Bhillai
2020-02-06,11.04,6.66,64.81,52.66,0,0,0,Table 106,,,Bhillai
2020-05-06,11.66,7.91,66.76,52.55,0,0,0,Table 106,,,Bhillai
2020-09-06,12.71,9.38,69.31,54.77,0,0,0,Table 106,,,Bhillai
2020-06-19,15,9.59,72.48,53.53,0,0,0,Table 106,,,Bhillai
2020-06-26,14.79,9.16,70.1,52.87,0,0,0,Table 106,,,Bhillai
2020-06-30,12.91,8.75,70.9,54.39,0,0,0,Table 106,,,Bhillai
,0,0,0,0,0,0,0,Table 106,,,Bhillai
,0,0,0,0,0,0,0,Table 106,,,Bhillai
,0,0,0,0,0,0,0,Table 106,,,Bhillai
,0,0,0,0,0,0,0,Table 106,,,Bhillai
,0,0,0,0,0,0,0,Table 106,,,Bhillai
,0,0,0,0,0,0,0,Table 106,,,Bhillai
2020-02-06,8.29,5.41,62.2,48.07,0,0,0,Table 107,,,Bhillai
2020-05-06,8.34,5.63,64.02,48.12,0,0,0,Table 107,,,Bhillai
2020-09-06,8.29,5.84,64.08,47.68,0,0,0,Table 107,,,Bhillai
2020-06-19,9.79,5.84,63.09,46.9,0,0,0,Table 107,,,Bhillai
2020-06-30,9.79,6.04,60.38,47.94,0,0,0,Table 107,,,Bhillai
,0,0,0,0,0,0,0,Table 107,,,Bhillai
,0,0,0,0,0,0,0,Table 107,,,Bhillai
,0,0,0,0,0,0,0,Table 107,,,Bhillai
,0,0,0,0,0,0,0,Table 107,,,Bhillai
,0,0,0,0,0,0,0,Table 107,,,Bhillai
,0,0,0,0,0,0,0,Table 107,,,Bhillai
,0,0,0,0,0,0,0,Table 107,,,Bhillai
2020-04-05,6.66,4.38,41.33,32.75,0,0,0,Table 108,,,Bhillai
2020-07-05,7.5,4.59,41.59,33.91,0,0,0,Table 108,,,Bhillai
2020-11-05,7.71,4.38,42.13,35.18,0,0,0,Table 108,,,Bhillai
2020-05-14,7.5,4.59,42.19,33.33,0,0,0,Table 108,,,Bhillai
2020-05-21,7.71,4.79,42.06,33.27,0,0,0,Table 108,,,Bhillai
2020-05-28,7.09,4.79,41.53,34.25,0,0,0,Table 108,,,Bhillai
,0,0,0,0,0,0,0,Table 108,,,Bhillai
,0,0,0,0,0,0,0,Table 108,,,Bhillai
,0,0,0,0,0,0,0,Table 108,,,Bhillai
,0,0,0,0,0,0,0,Table 108,,,Bhillai
,0,0,0,0,0,0,0,Table 108,,,Bhillai
,0,0,0,0,0,0,0,Table 108,,,Bhillai
2020-01-05,8.13,6.04,45.43,46.35,0,0,0,Table 109,,,Bhillai
2020-05-05,8.13,5.84,46.07,45.3,0,0,0,Table 109,,,Bhillai
2020-12-05,8.54,6.04,45.23,46.51,0,0,0,Table 109,,,Bhillai
2020-05-15,8.34,5.63,45.1,47.13,0,0,0,Table 109,,,Bhillai
2020-05-22,8.54,6.25,46.82,46.65,0,0,0,Table 109,,,Bhillai
2020-05-29,8.34,6.04,45.83,47.01,0,0,0,Table 109,,,Bhillai
,0,0,0,0,0,0,0,Table 109,,,Bhillai
,0,0,0,0,0,0,0,Table 109,,,Bhillai
,0,0,0,0,0,0,0,Table 109,,,Bhillai
,0,0,0,0,0,0,0,Table 109,,,Bhillai
,0,0,0,0,0,0,0,Table 109,,,Bhillai
,0,0,0,0,0,0,0,Table 109,,,Bhillai
2020-02-05,8.75,6.25,47.94,46.75,0,0,0,Table 110,,,Bhillai
2020-06-05,8.54,6.46,47.22,48.36,0,0,0,Table 110,,,Bhillai
2020-05-13,8.75,6.46,47.48,48.65,0,0,0,Table 110,,,Bhillai
2020-05-20,9.16,6.66,48.67,48.37,0,0,0,Table 110,,,Bhillai
2020-05-23,9.79,6.46,48.74,49.2,0,0,0,Table 110,,,Bhillai
2020-05-30,10,7.09,49.27,49.09,0,0,0,Table 110,,,Bhillai
,0,0,0,0,0,0,0,Table 110,,,Bhillai
,0,0,0,0,0,0,0,Table 110,,,Bhillai
,0,0,0,0,0,0,0,Table 110,,,Bhillai
,0,0,0,0,0,0,0,Table 110,,,Bhillai
,0,0,0,0,0,0,0,Table 110,,,Bhillai
,0,0,0,0,0,0,0,Table 110,,,Bhillai
2020-01-05,7.71,5.41,43.19,41.22,0,0,0,Table 111,,,Bhillai
2020-05-05,7.5,5.63,43.85,40.69,0,0,0,Table 111,,,Bhillai
2020-12-05,7.91,5.21,44.04,40.97,0,0,0,Table 111,,,Bhillai
2020-05-15,8.13,5.63,44.44,40.02,0,0,0,Table 111,,,Bhillai
2020-05-19,7.91,5.63,43.98,41.18,0,0,0,Table 111,,,Bhillai
2020-05-29,8.13,5.41,44.37,41.35,0,0,0,Table 111,,,Bhillai
,0,0,0,0,0,0,0,Table 111,,,Bhillai
,0,0,0,0,0,0,0,Table 111,,,Bhillai
,0,0,0,0,0,0,0,Table 111,,,Bhillai
,0,0,0,0,0,0,0,Table 111,,,Bhillai
,0,0,0,0,0,0,0,Table 111,,,Bhillai
,0,0,0,0,0,0,0,Table 111,,,Bhillai
2020-02-04,6.88,4.16,39.41,25.32,0,0,0,Table 112,,,Bhillai
2020-06-04,7.09,4.38,40.21,25.28,0,0,0,Table 112,,,Bhillai
2020-04-13,7.14,4.59,39.88,26.53,0,0,0,Table 112,,,Bhillai
2020-04-23,7.5,5,40.34,25.8,0,0,0,Table 112,,,Bhillai
2020-04-27,7.09,4.16,40.74,26.49,0,0,0,Table 112,,,Bhillai
2020-04-30,6.88,4.59,39.75,26.19,0,0,0,Table 112,,,Bhillai
,0,0,0,0,0,0,0,Table 112,,,Bhillai
,0,0,0,0,0,0,0,Table 112,,,Bhillai
,0,0,0,0,0,0,0,Table 112,,,Bhillai
,0,0,0,0,0,0,0,Table 112,,,Bhillai
,0,0,0,0,0,0,0,Table 112,,,Bhillai
,0,0,0,0,0,0,0,Table 112,,,Bhillai
2020-03-04,7.5,4.38,42.19,30.78,0,0,0,Table 113,,,Bhillai
2020-07-04,7.71,4.79,41.99,31.44,0,0,0,Table 113,,,Bhillai
2020-04-14,7.91,4.59,41.04,30.69,0,0,0,Table 113,,,Bhillai
2020-04-21,7.29,5.21,42.44,30.93,0,0,0,Table 113,,,Bhillai
2020-04-24,7.5,4.79,42.24,30.76,0,0,0,Table 113,,,Bhillai
2020-04-28,7.09,4.59,42.06,31.06,0,0,0,Table 113,,,Bhillai
,0,0,0,0,0,0,0,Table 113,,,Bhillai
,0,0,0,0,0,0,0,Table 113,,,Bhillai
,0,0,0,0,0,0,0,Table 113,,,Bhillai
,0,0,0,0,0,0,0,Table 113,,,Bhillai
,0,0,0,0,0,0,0,Table 113,,,Bhillai
,0,0,0,0,0,0,0,Table 113,,,Bhillai
2020-03-04,7.91,6.46,43.06,32.69,0,0,0,Table 114,,,Bhillai
2020-07-04,7.71,6.66,42.92,33.6,0,0,0,Table 114,,,Bhillai
2020-04-14,8.54,5.63,42.99,32.92,0,0,0,Table 114,,,Bhillai
2020-04-21,8.54,5.84,43.12,31.96,0,0,0,Table 114,,,Bhillai
2020-04-24,7.91,5.41,43.25,32.05,0,0,0,Table 114,,,Bhillai
2020-04-28,7.91,6.04,42.66,32.93,0,0,0,Table 114,,,Bhillai
,0,0,0,0,0,0,0,Table 114,,,Bhillai
,0,0,0,0,0,0,0,Table 114,,,Bhillai
,0,0,0,0,0,0,0,Table 114,,,Bhillai
,0,0,0,0,0,0,0,Table 114,,,Bhillai
,0,0,0,0,0,0,0,Table 114,,,Bhillai
,0,0,0,0,0,0,0,Table 114,,,Bhillai
2020-01-04,8.96,5.63,44.11,35.08,0,0,0,Table 115,,,Bhillai
2020-04-04,8.34,5,44.23,36.57,0,0,0,Table 115,,,Bhillai
2020-11-04,8.75,5.41,44.04,35.44,0,0,0,Table 115,,,Bhillai
2020-04-22,8.34,5.84,44.36,37.58,0,0,0,Table 115,,,Bhillai
2020-04-25,8.34,5.84,44.44,35.71,0,0,0,Table 115,,,Bhillai
2020-04-29,8.75,5.63,43.96,35.86,0,0,0,Table 115,,,Bhillai
,0,0,0,0,0,0,0,Table 115,,,Bhillai
,0,0,0,0,0,0,0,Table 115,,,Bhillai
,0,0,0,0,0,0,0,Table 115,,,Bhillai
,0,0,0,0,0,0,0,Table 115,,,Bhillai
,0,0,0,0,0,0,0,Table 115,,,Bhillai
,0,0,0,0,0,0,0,Table 115,,,Bhillai
2020-02-03,10.63,5,49.8,40.29,0,0,0,Table 116,,,Bhillai
2020-05-03,11.88,5.41,50.92,40.34,0,0,0,Table 116,,,Bhillai
2020-09-03,11.04,5.63,49.93,39.91,0,0,0,Table 116,,,Bhillai
2020-12-03,10.21,5.21,47.88,39.62,0,0,0,Table 116,,,Bhillai
2020-03-19,10,5.63,46.76,40.35,0,0,0,Table 116,,,Bhillai
,0,0,0,0,0,0,0,Table 116,,,Bhillai
,0,0,0,0,0,0,0,Table 116,,,Bhillai
,0,0,0,0,0,0,0,Table 116,,,Bhillai
,0,0,0,0,0,0,0,Table 116,,,Bhillai
,0,0,0,0,0,0,0,Table 116,,,Bhillai
,0,0,0,0,0,0,0,Table 116,,,Bhillai
,0,0,0,0,0,0,0,Table 116,,,Bhillai
2020-03-03,15.17,5.83,71.09,32.27,,,,Table 117,,,Bhillai
2020-06-03,14.83,6,67.98,33.48,,,,Table 117,,,Bhillai
2020-03-13,14.33,6.17,67.85,28.37,,,,Table 117,,,Bhillai
2020-03-17,13.67,5.83,68.12,32.53,,,,Table 117,,,Bhillai
2020-03-20,14.33,6.67,67.71,31.7  3,,,,Table 117,,,Bhillai
2020-03-03,15.5,7.5,80.22,40.6,,,,Table 118,,,Bhillai
2020-06-03,16,7.5,77.44,43.7  7,,,,Table 118,,,Bhillai
2020-03-13,15.17,7.67,76.65,40.08,,,,Table 118,,,Bhillai
2020-03-17,15.5,7.83,77.91,40.17,,,,Table 118,,,Bhillai
2020-03-20,15.67,7.5,76.98,41.15,,,,Table 118,,,Bhillai
2020-04-03,17.67,8.5,82.67,44.7  8,,,,Table 119,,,Bhillai
2020-07-03,18,8.17,81.81,44.15,,,,Table 119,,,Bhillai
2020-11-03,17.83,8.33,81.87,45.04,,,,Table 119,,,Bhillai
2020-03-18,17.33,8.67,82.47,45.6,,,,Table 119,,,Bhillai
2020-03-21,18,9,83.46,45.47,,,,Table 119,,,Bhillai
2020-10-02,11.16,4.81,54.16,45.9,0,0,0,Table 120,,,Bhillai
2020-02-13,11.16,5.26,48.74,40.84,0,0,0,Table 120,,,Bhillai
2020-02-20,11.64,5.04,51.78,42.38,0,0,0,Table 120,,,Bhillai
2020-02-24,11,5.26,54.1,41.45,0,0,0,Table 120,,,Bhillai
2020-02-27,10.68,5.04,0,41.1,0,0,0,Table 120,,,Bhillai
,0,0,0,0,0,0,0,Table 120,,,Bhillai
,0,0,0,0,0,0,0,Table 120,,,Bhillai
,0,0,0,0,0,0,0,Table 120,,,Bhillai
,0,0,0,0,0,0,0,Table 120,,,Bhillai
,0,0,0,0,0,0,0,Table 120,,,Bhillai
,0,0,0,0,0,0,0,Table 120,,,Bhillai
,0,0,0,0,0,0,0,Table 120,,,Bhillai
2020-11-02,15.46,7.89,70.1,54.65,0,0,0,Table 121,,,Bhillai
2020-02-14,18.81,8.33,68.84,60.93,0,0,0,Table 121,,,Bhillai
2020-02-18,17.21,8.1,73.01,61.03,0,0,0,Table 121,,,Bhillai
2020-02-25,18.49,9.85,0,53.04,0,0,0,Table 121,,,Bhillai
2020-02-28,16.58,7.66,0,54.21,0,0,0,Table 121,,,Bhillai
,0,0,0,0,0,0,0,Table 121,,,Bhillai
,0,0,0,0,0,0,0,Table 121,,,Bhillai
,0,0,0,0,0,0,0,Table 121,,,Bhillai
,0,0,0,0,0,0,0,Table 121,,,Bhillai
,0,0,0,0,0,0,0,Table 121,,,Bhillai
,0,0,0,0,0,0,0,Table 121,,,Bhillai
,0,0,0,0,0,0,0,Table 121,,,Bhillai
2020-11-02,20.09,10.29,80.68,75.83,0,0,0,Table 122,,,Bhillai
2020-02-18,19.76,9.85,78.24,74,0,0,0,Table 122,,,Bhillai
2020-02-21,19.6,10.08,78.83,70.05,0,0,0,Table 122,,,Bhillai
2020-02-25,18.96,8.45,0,69.07,0,0,0,Table 122,,,Bhillai
2020-02-28,19.6,10.34,0,66.78,0,0,0,Table 122,,,Bhillai
,0,0,0,0,0,0,0,Table 122,,,Bhillai
,0,0,0,0,0,0,0,Table 122,,,Bhillai
,0,0,0,0,0,0,0,Table 122,,,Bhillai
,0,0,0,0,0,0,0,Table 122,,,Bhillai
,0,0,0,0,0,0,0,Table 122,,,Bhillai
,0,0,0,0,0,0,0,Table 122,,,Bhillai
,0,0,0,0,0,0,0,Table 122,,,Bhillai
2020-08-02,22.15,11.39,84.06,75.37,0,0,0,Table 123,,,Bhillai
2020-02-15,22.48,10.29,82.34,81.94,0,0,0,Table 123,,,Bhillai
2020-02-19,11.61,22.95,85.11,76.44,0,0,0,Table 123,,,Bhillai
2020-02-22,11.83,23.59,0,81.15,0,0,0,Table 123,,,Bhillai
2020-02-26,12.05,22.79,0,77.13,0,0,0,Table 123,,,Bhillai
,0,0,0,0,0,0,0,Table 123,,,Bhillai
,0,0,0,0,0,0,0,Table 123,,,Bhillai
,0,0,0,0,0,0,0,Table 123,,,Bhillai
,0,0,0,0,0,0,0,Table 123,,,Bhillai
,0,0,0,0,0,0,0,Table 123,,,Bhillai
,0,0,0,0,0,0,0,Table 123,,,Bhillai
,0,0,0,0,0,0,0,Table 123,,,Bhillai
2020-02-01,11.04,4.79,52.11,47.89,0,0,0,Table 124,,,Bhillai
2020-09-01,11.25,5.21,53.37,41.27,0,0,0,Table 124,,,Bhillai
2020-01-16,11.61,5,52.31,41.72,0,0,0,Table 124,,,Bhillai
2020-01-23,10.83,5.21,54.82,47.64,0,0,0,Table 124,,,Bhillai
2020-01-27,10.42,5.21,55.75,40.9,0,0,0,Table 124,,,Bhillai
2020-01-30,10.42,5.63,53.37,40.37,0,0,0,Table 124,,,Bhillai
,0,0,0,0,0,0,0,Table 124,,,Bhillai
,0,0,0,0,0,0,0,Table 124,,,Bhillai
,0,0,0,0,0,0,0,Table 124,,,Bhillai
,0,0,0,0,0,0,0,Table 124,,,Bhillai
,0,0,0,0,0,0,0,Table 124,,,Bhillai
,0,0,0,0,0,0,0,Table 124,,,Bhillai
2020-03-01,14.83,5.83,76.32,32.57,,,,Table 125,,,Bhillai
2020-07-01,15.17,6,73.81,37  .99,,,,Table 125,,,Bhillai
2020-01-17,14,6,69.97,33.08,,,,Table 125,,,Bhillai
2020-01-24,14.67,7.86,70.56,28.23,,,,Table 125,,,Bhillai
2020-01-31,13.17,5.67,72.09,32.41,,,,Table 125,,,Bhillai
2020-10-01,16.33,7.83,81.68,44.98,,,,Table 126,,,Bhillai
2020-01-14,16.33,7.67,79.95,43.8,,,,Table 126,,,Bhillai
2020-01-21,16.33,8.17,80.68,41.7  0,,,,Table 126,,,Bhillai
2020-01-28,15.17,8,79.49,40.7  1,,,,Table 126,,,Bhillai
2020-01-31,16.33,8,84.06,41.08,,,,Table 126,,,Bhillai
2020-04-01,18,9,83.86,,,,,Table 127,,,Bhillai
2020-08-01,18.17,8.5,84.79,,,,,Table 127,,,Bhillai
2020-01-15,18.17,9.33,85.11,,,,,Table 127,,,Bhillai
2020-01-18,19.17,9.5,87.03,,,,,Table 127,,,Bhillai
2020-01-22,18.67,9.83,84.45,,,,,Table 127,,,Bhillai
2020-01-29,18,8.5,83.2,,,,,Table 127,,,Bhillai
2019-02-12,10.84,4.59,59.92,55.83,0,0,0,Table 128,,,Bhillai
2019-05-12,11.46,5,60.19,54.14,0,0,0,Table 128,,,Bhillai
2019-12-12,11.66,4.59,59.99,48.85,0,0,0,Table 128,,,Bhillai
2019-12-23,10.63,5,61.97,54.46,0,0,0,Table 128,,,Bhillai
2019-12-30,10.41,5.21,58.2,53.47,0,0,0,Table 128,,,Bhillai
,0,0,0,0,0,0,0,Table 128,,,Bhillai
,0,0,0,0,0,0,0,Table 128,,,Bhillai
,0,0,0,0,0,0,0,Table 128,,,Bhillai
,0,0,0,0,0,0,0,Table 128,,,Bhillai
,0,0,0,0,0,0,0,Table 128,,,Bhillai
,0,0,0,0,0,0,0,Table 128,,,Bhillai
,0,0,0,0,0,0,0,Table 128,,,Bhillai
2019-06-12,15,5.83,79.09,37  .14,,,,Table 129,,,Bhillai
2019-12-13,15,6.77,81.48,36.85,,,,Table 129,,,Bhillai
2019-12-20,13.83,5.83,79.69,37  .54,,,,Table 129,,,Bhillai
2019-12-27,15,7.29,81.61,36.27,,,,Table 129,,,Bhillai
2019-12-31,13,5.83,78.17,40.7  8,,,,Table 129,,,Bhillai
2019-04-12,18,8.5,89.61,53.7  4,,,,Table 130,,,Bhillai
2019-07-12,17.33,8.5,87.3,54.41,,,,Table 130,,,Bhillai
2019-12-14,18,8.67,90.21,52.8,,,,Table 130,,,Bhillai
2019-12-25,18.5,9,91.2,53.36,,,,Table 130,,,Bhillai
2019-12-28,18.17,9.17,92,52.06,,,,Table 130,,,Bhillai
2019-03-12,15.83,7.83,86.77,44.66,,,,Table 131,,,Bhillai
2019-10-12,16,7.67,86.83,44.48,,,,Table 131,,,Bhillai
2019-12-17,16.17,8,85.18,46.92,,,,Table 131,,,Bhillai
2019-12-24,15,8,84.39,45.62,,,,Table 131,,,Bhillai
2019-12-31,16,7.83,83.4,44.39,,,,Table 131,,,Bhillai
2019-04-11,10.63,4.59,58,49.09,0,0,0,Table 132,,,Bhillai
2019-11-11,11.66,4.59,58.46,53.85,0,0,0,Table 132,,,Bhillai
2019-11-14,12.09,4.59,55.95,53.8,0,0,0,Table 132,,,Bhillai
2019-11-18,10.63,5,57.54,54.39,0,0,0,Table 132,,,Bhillai
2019-11-21,9.59,5.21,57.14,46.18,0,0,0,Table 132,,,Bhillai
2019-11-28,11.04,4.59,54.49,53.53,0,0,0,Table 132,,,Bhillai
,0,0,0,0,0,0,0,Table 132,,,Bhillai
,0,0,0,0,0,0,0,Table 132,,,Bhillai
,0,0,0,0,0,0,0,Table 132,,,Bhillai
,0,0,0,0,0,0,0,Table 132,,,Bhillai
,0,0,0,0,0,0,0,Table 132,,,Bhillai
,0,0,0,0,0,0,0,Table 132,,,Bhillai
2019-01-11,14.67,5.67,79.76,33.03,,,,Table 133,,,Bhillai
2019-08-11,15,6,80.28,36.67,,,,Table 133,,,Bhillai
2019-11-15,14,5.83,77.05,33.45,,,,Table 133,,,Bhillai
2019-11-19,14.83,7,81.41,36.17,,,,Table 133,,,Bhillai
2019-11-22,13,5.67,76.73,36.64,,,,Table 133,,,Bhillai
2019-11-26,15.17,7.67,83.92,35.81,,,,Table 133,,,Bhillai
2019-01-11,16,8,86.11,41.3,,,,Table 134,,,Bhillai
2019-05-11,16.17,7.83,88.82,44.37,,,,Table 134,,,Bhillai
2019-12-11,16,8,89.55,44.66,,,,Table 134,,,Bhillai
2019-11-19,15,8.17,87.7,45.62,,,,Table 134,,,Bhillai
2019-11-26,15.67,7.5,86.5,44.39,,,,Table 134,,,Bhillai
2019-11-29,15.17,7.17,87.23,45.89,,,,Table 134,,,Bhillai
2019-06-11,18,9.17,89.55,53.96,,,,Table 135,,,Bhillai
2019-09-11,17.5,9.5,90.14,50.35,,,,Table 135,,,Bhillai
2019-11-16,17.83,8.5,88.09,52.69,,,,Table 135,,,Bhillai
2019-11-20,19.17,9.33,91.73,52.61,,,,Table 135,,,Bhillai
2019-11-23,18.33,9,88.95,56.17,,,,Table 135,,,Bhillai
2019-11-30,18,8.33,91.46,53.3,,,,Table 135,,,Bhillai
2019-03-10,10.63,4.38,56.81,40.37,0,0,0,Table 136,,,Bhillai
2019-10-10,12.09,3.96,53.9,40.75,0,0,0,Table 136,,,Bhillai
2019-10-14,11.08,4.79,57.01,53.92,0,0,0,Table 136,,,Bhillai
2019-10-21,11.88,4.16,54.65,46.75,0,0,0,Table 136,,,Bhillai
2019-10-24,11.04,4.16,54.1,53.65,0,0,0,Table 136,,,Bhillai
2019-10-28,12.09,10.21,58.68,52.06,0,0,0,Table 136,,,Bhillai
,0,0,0,0,0,0,0,Table 136,,,Bhillai
,0,0,0,0,0,0,0,Table 136,,,Bhillai
,0,0,0,0,0,0,0,Table 136,,,Bhillai
,0,0,0,0,0,0,0,Table 136,,,Bhillai
,0,0,0,0,0,0,0,Table 136,,,Bhillai
,0,0,0,0,0,0,0,Table 136,,,Bhillai
2019-02-10,17.33,8.67,85.71,49.84,,,,Table 137,,,Bhillai
2019-05-10,18.17,9.5,87.96,50.46,,,,Table 137,,,Bhillai
2019-09-10,18.17,8.5,86.11,52.93,,,,Table 137,,,Bhillai
2019-12-10,19,8.5,88.95,49.32,,,,Table 137,,,Bhillai
2019-10-19,18.83,9,88.82,45.24,,,,Table 137,,,Bhillai
2019-10-26,19.33,9.17,91.33,56.88,,,,Table 137,,,Bhillai
2019-01-10,16.67,7.83,83.39,40.45,,,,Table 138,,,Bhillai
2019-08-10,16.33,8.17,84.46,37  .02,,,,Table 138,,,Bhillai
2019-10-15,16.5,8,83.2,44.7  5,,,,Table 138,,,Bhillai
2019-10-18,15.5,7.17,80.75,42.03,,,,Table 138,,,Bhillai
2019-10-22,15.5,7.33,77.9,40.55,,,,Table 138,,,Bhillai
2019-10-29,16.83,7.67,84.45,47  .86,,,,Table 138,,,Bhillai
2019-02-10,17.33,8.67,85.71,49.84,,,,Table 139,,,Bhillai
2019-05-10,18.17,9.5,87.96,50.46,,,,Table 139,,,Bhillai
2019-09-10,18.17,8.5,86.11,52.93,,,,Table 139,,,Bhillai
2019-12-10,19,8.5,88.95,49.32,,,,Table 139,,,Bhillai
2019-10-19,18.83,9,88.82,45.24,,,,Table 139,,,Bhillai
2019-10-26,19.33,9.17,91.33,56.88,,,,Table 139,,,Bhillai
2019-02-09,10.41,4.16,53.11,40.75,0,0,0,Table 140,,,Bhillai
2019-05-09,11.88,3.96,52.05,40.39,0,0,0,Table 140,,,Bhillai
2019-09-09,12.33,4.16,50.38,33.9,0,0,0,Table 140,,,Bhillai
2019-12-09,11.66,4.16,52.38,40.74,0,0,0,Table 140,,,Bhillai
2019-09-16,10.63,5,53.44,39.61,0,0,0,Table 140,,,Bhillai
2019-09-19,10.41,4.16,54.36,41.1,0,0,0,Table 140,,,Bhillai
2019-09-30,11.88,4.59,54.1,33.96,0,0,0,Table 140,,,Bhillai
,0,0,0,0,0,0,0,Table 140,,,Bhillai
,0,0,0,0,0,0,0,Table 140,,,Bhillai
,0,0,0,0,0,0,0,Table 140,,,Bhillai
,0,0,0,0,0,0,0,Table 140,,,Bhillai
,0,0,0,0,0,0,0,Table 140,,,Bhillai
2019-10-09,14.33,5.83,7  3.96,29.11,,,,Table 141,,,Bhillai
2019-09-13,15.17,6.17,7  2.48,33.04,,,,Table 141,,,Bhillai
2019-09-17,14.17,6.67,7  3.28,33.54,,,,Table 141,,,Bhillai
2019-09-20,13.67,6.67,7  4.13,32.37,,,,Table 141,,,Bhillai
2019-09-24,14.5,6.83,7  1.83,32.62,,,,Table 141,,,Bhillai
2019-09-27,14.17,6.67,71.89,29.7  1,,,,Table 141,,,Bhillai
2019-10-09,16.5,7.5,80.09,37  .94,,,,Table 142,,,Bhillai
2019-09-13,16.5,7.83,80.75,37  .19,,,,Table 142,,,Bhillai
2019-09-17,16.67,7.83,80.82,37  .03,,,,Table 142,,,Bhillai
2019-09-20,15.83,8.33,81.87,36.9,,,,Table 142,,,Bhillai
2019-09-24,15.67,7.33,82.94,37  .02,,,,Table 142,,,Bhillai
2019-09-27,16.33,7.33,79.69,37  .83,,,,Table 142,,,Bhillai
2019-11-09,17.83,8,84.98,49.48,,,,Table 143,,,Bhillai
2019-09-14,17,8.67,85.51,48.97,,,,Table 143,,,Bhillai
2019-09-18,17.67,7.33,87.36,49.3,,,,Table 143,,,Bhillai
2019-09-21,18.17,7,81.94,48.6,,,,Table 143,,,Bhillai
2019-09-25,18,6.83,82.67,49.38,,,,Table 143,,,Bhillai
2019-09-28,19.5,9,84.06,49.36,,,,Table 143,,,Bhillai
2019-01-08,9.73,3.29,50.46,33.96,0,0,0,Table 144,,,Bhillai
2019-05-08,11.95,3.5,51.78,40.94,0,0,0,Table 144,,,Bhillai
2019-12-08,11.31,3.29,53.57,39.66,0,0,0,Table 144,,,Bhillai
2019-08-22,10.36,3.5,51.45,40.57,0,0,0,Table 144,,,Bhillai
2019-08-29,10.68,4.16,53.11,41.73,0,0,0,Table 144,,,Bhillai
,0,0,0,0,0,0,0,Table 144,,,Bhillai
,0,0,0,0,0,0,0,Table 144,,,Bhillai
,0,0,0,0,0,0,0,Table 144,,,Bhillai
,0,0,0,0,0,0,0,Table 144,,,Bhillai
,0,0,0,0,0,0,0,Table 144,,,Bhillai
,0,0,0,0,0,0,0,Table 144,,,Bhillai
,0,0,0,0,0,0,0,Table 144,,,Bhillai
2019-03-08,17.83,8,85.58,45.23,,,,Table 146,,,Bhillai
2019-10-08,17,8.67,84.72,48.84,,,,Table 146,,,Bhillai
2019-08-14,18,7.83,88.42,46.25,,,,Table 146,,,Bhillai
2019-08-17,19.67,7.83,84.32,48.6,,,,Table 146,,,Bhillai
2019-08-21,18.83,8,84.32,49.07,,,,Table 146,,,Bhillai
2019-08-28,19.5,9,88.16,49.3,,,,Table 146,,,Bhillai
2019-02-08,16.33,7.17,79.29,38.02,,,,Table 147,,,Bhillai
2019-06-08,16.17,7.67,82.21,37  .00,,,,Table 147,,,Bhillai
2019-09-08,16,7.67,81.94,36.7  7,,,,Table 147,,,Bhillai
2019-08-16,15.83,7.67,81.01,36.87,,,,Table 147,,,Bhillai
2019-08-27,16,7.17,79.89,36.99,,,,Table 147,,,Bhillai
2019-04-07,9.79,3.13,50.26,33.62,0,0,0,Table 148,,,Bhillai
2019-08-07,11.88,3.34,51.19,33.58,0,0,0,Table 148,,,Bhillai
2019-11-07,11.79,3.13,51.71,34.83,0,0,0,Table 148,,,Bhillai
2019-07-15,10.63,3.34,51.78,34.1,0,0,0,Table 148,,,Bhillai
2019-07-22,11.25,3.75,49.47,39.77,0,0,0,Table 148,,,Bhillai
,0,0,0,0,0,0,0,Table 148,,,Bhillai
,0,0,0,0,0,0,0,Table 148,,,Bhillai
,0,0,0,0,0,0,0,Table 148,,,Bhillai
,0,0,0,0,0,0,0,Table 148,,,Bhillai
,0,0,0,0,0,0,0,Table 148,,,Bhillai
,0,0,0,0,0,0,0,Table 148,,,Bhillai
,0,0,0,0,0,0,0,Table 148,,,Bhillai
2019-03-07,18,7.83,85.58,45.13,,,,Table 150,,,Bhillai
2019-06-07,17.67,8.5,88.02,49.03,,,,Table 150,,,Bhillai
2019-10-07,18,7.67,90.87,46.35,,,,Table 150,,,Bhillai
2019-07-13,19.67,7.83,88.22,48.64,,,,Table 150,,,Bhillai
2019-07-24,19.83,8.17,86.04,44.51,,,,Table 150,,,Bhillai
2019-07-31,20.33,9.17,89.48,45.6,,,,Table 150,,,Bhillai
2019-05-07,16.67,6.83,79.03,38.69,,,,Table 151,,,Bhillai
,16.67,7.67,81.08,38.24,,,,Table 151,,,Bhillai
2019-12-07,16.67,7.67,80.95,36.83,,,,Table 151,,,Bhillai
2019-07-16,16.33,7.33,82.33,37  .25,,,,Table 151,,,Bhillai
2019-07-19,16.67,7.5,80.88,37  .31,,,,Table 151,,,Bhillai
2019-07-26,17.33,7,81.21,40.84,,,,Table 151,,,Bhillai
2019-03-06,14.59,4.38,54.89,40.35,0,0,0,Table 152,,,Bhillai
2019-06-06,15,3.96,57.54,40.3,0,0,0,Table 152,,,Bhillai
2019-10-06,16.25,4.79,56.88,41.78,0,0,0,Table 152,,,Bhillai
2019-06-13,13.13,3.54,49.6,40.45,0,0,0,Table 152,,,Bhillai
2019-06-24,13.13,4.16,56.21,39.77,0,0,0,Table 152,,,Bhillai
2019-06-27,11.46,3.54,51.59,34.53,0,0,0,Table 152,,,Bhillai
,0,0,0,0,0,0,0,Table 152,,,Bhillai
,0,0,0,0,0,0,0,Table 152,,,Bhillai
,0,0,0,0,0,0,0,Table 152,,,Bhillai
,0,0,0,0,0,0,0,Table 152,,,Bhillai
,0,0,0,0,0,0,0,Table 152,,,Bhillai
,0,0,0,0,0,0,0,Table 152,,,Bhillai
2019-04-06,16.17,6.67,77.38,40.7  0,,,,Table 153,,,Bhillai
2019-07-06,15.33,6,80.02,37  .15,,,,Table 153,,,Bhillai
2019-11-06,15.17,7,78.04,37  .87,,,,Table 153,,,Bhillai
2019-06-14,14.67,6.33,76.71,40.7  1,,,,Table 153,,,Bhillai
2019-06-18,14,6.67,79.37,40.91,,,,Table 153,,,Bhillai
2019-06-25,16.5,6.5,78.04,37  .17,,,,Table 153,,,Bhillai
2019-01-06,24,10.5,97.22,53.89,,,,Table 154,,,Bhillai
2019-05-06,24.33,10.17,95.23,53.65,,,,Table 154,,,Bhillai
2019-08-06,24.67,10.17,95.9,50.5,,,,Table 154,,,Bhillai
2019-12-06,24.83,10.17,96.55,49.32,,,,Table 154,,,Bhillai
2019-06-15,24.17,9.67,94.57,52.46,,,,Table 154,,,Bhillai
2019-06-19,21.5,8.83,91.93,53.89,,,,Table 154,,,Bhillai
2019-06-26,23,8.5,93.91,53.21,,,,Table 154,,,Bhillai
2019-06-29,21.67,8.83,90.61,51.85,,,,Table 154,,,Bhillai
2019-04-06,18.67,8.83,91.93,49.46,,,,Table 155,,,Bhillai
2019-07-06,18.5,8.5,89.94,50.91,,,,Table 155,,,Bhillai
2019-11-06,18.33,8.5,87.3,49.05,,,,Table 155,,,Bhillai
2019-06-14,16.33,8,85.25,46.88,,,,Table 155,,,Bhillai
2019-06-21,17.17,7.33,88.09,44.4,,,,Table 155,,,Bhillai
2019-06-25,17.83,7.33,83.99,45.13,,,,Table 155,,,Bhillai
2019-02-05,15.21,4.16,57.54,47.86,0,0,0,Table 156,,,Bhillai
2019-06-05,16.25,3.34,56.21,48.19,0,0,0,Table 156,,,Bhillai
2019-09-05,16.25,4.79,60.18,55.91,0,0,0,Table 156,,,Bhillai
2019-05-13,16.04,4.38,57.53,48.11,0,0,0,Table 156,,,Bhillai
2019-05-16,17.91,5,61.5,54.06,0,0,0,Table 156,,,Bhillai
2019-05-20,16.25,4.59,58.2,54.56,0,0,0,Table 156,,,Bhillai
2019-05-23,17.71,4.59,59.52,52.18,0,0,0,Table 156,,,Bhillai
2019-05-27,16.04,4.38,58.85,53.69,0,0,0,Table 156,,,Bhillai
2019-05-30,16.25,4.79,61.5,47.38,0,0,0,Table 156,,,Bhillai
,0,0,0,0,0,0,0,Table 156,,,Bhillai
,0,0,0,0,0,0,0,Table 156,,,Bhillai
,0,0,0,0,0,0,0,Table 156,,,Bhillai
2019-03-05,16.83,6.5,79.36,41.7  4,,,,Table 157,,,Bhillai
2019-07-05,16.67,6,80.02,41.39,,,,Table 157,,,Bhillai
2019-10-05,17.5,7.17,82.67,40.34,,,,Table 157,,,Bhillai
2019-05-14,16.17,6.33,77.38,42.7  8,,,,Table 157,,,Bhillai
2019-05-17,16.67,7.17,82.01,40.91,,,,Table 157,,,Bhillai
2019-05-21,16.5,6.5,78.04,38.59,,,,Table 157,,,Bhillai
2019-05-24,17.83,7,83.33,39.51,,,,Table 157,,,Bhillai
2019-05-28,17.33,7.33,82.01,42.46,,,,Table 157,,,Bhillai
2019-05-31,16,6.33,76.05,40.83,,,,Table 157,,,Bhillai
2019-03-05,18.67,7.83,89.94,53.58,,,,Table 158,,,Bhillai
2019-07-05,18,7.5,90.6,49.7  7,,,,Table 158,,,Bhillai
2019-10-05,18,7,88.62,51.7  5,,,,Table 158,,,Bhillai
2019-05-14,16.83,6.67,87.3,51.15,,,,Table 158,,,Bhillai
2019-05-17,18.33,8.33,89.28,53.36,,,,Table 158,,,Bhillai
2019-05-21,18.67,8.17,93.91,53.8,,,,Table 158,,,Bhillai
2019-05-24,17.83,7.83,89.94,53.34,,,,Table 158,,,Bhillai
2019-05-28,17.67,7,87.96,49.2,,,,Table 158,,,Bhillai
2019-05-31,18.33,7.67,91.93,50.93,,,,Table 158,,,Bhillai
2019-01-05,23.67,9.5,95.23,55.7  1,,,,Table 159,,,Bhillai
2019-04-05,24.33,9.67,95.9,59.7  2,,,,Table 159,,,Bhillai
2019-08-05,24.83,9.83,96.56,57  .98,,,,Table 159,,,Bhillai
2019-11-05,24.67,9.67,97.22,57  .54,,,,Table 159,,,Bhillai
2019-05-15,24.17,9,97.88,59.57,,,,Table 159,,,Bhillai
2019-05-18,24.83,10.33,98.54,55.7  3,,,,Table 159,,,Bhillai
2019-05-22,23,8.67,95.23,57  .63,,,,Table 159,,,Bhillai
2019-05-25,23,8.83,94.57,57  .89,,,,Table 159,,,Bhillai
2019-05-29,24.67,9.67,97.22,55.84,,,,Table 159,,,Bhillai
2019-01-04,15.41,4.59,59.52,47.91,0,0,0,Table 160,,,Bhillai
2019-04-04,16.25,3.75,57.54,53.75,0,0,0,Table 160,,,Bhillai
2019-08-04,16.88,5.41,62.83,49.8,0,0,0,Table 160,,,Bhillai
2019-11-04,16.46,4.59,55.56,52.55,0,0,0,Table 160,,,Bhillai
2019-04-15,18.13,4.79,58.2,49.73,0,0,0,Table 160,,,Bhillai
2019-04-18,17.71,5.41,56.88,53.92,0,0,0,Table 160,,,Bhillai
2019-04-22,18.54,5.84,62.17,54.31,0,0,0,Table 160,,,Bhillai
2019-04-25,16.66,4.38,56.22,52.57,0,0,0,Table 160,,,Bhillai
2019-04-29,15.63,4.59,59.52,49.35,0,0,0,Table 160,,,Bhillai
,0,0,0,0,0,0,0,Table 160,,,Bhillai
,0,0,0,0,0,0,0,Table 160,,,Bhillai
,0,0,0,0,0,0,0,Table 160,,,Bhillai
2019-02-04,17.67,7,83.33,43.14,,,,Table 161,,,Bhillai
2019-05-04,16.83,6,82.01,44.87,,,,Table 161,,,Bhillai
2019-09-04,17.83,7.17,79.37,41.13,,,,Table 161,,,Bhillai
2019-12-04,17.5,6.67,78.7,42.42,,,,Table 161,,,Bhillai
2019-04-16,18.33,7.67,80.69,41.28,,,,Table 161,,,Bhillai
2019-04-19,16.83,6.67,78.04,45.02,,,,Table 161,,,Bhillai
,17.67,7,79.37,43.46,,,,Table 161,,,Bhillai
2019-04-26,17.67,7.5,78.7,46.7  0,,,,Table 161,,,Bhillai
,17.5,7.33,81.35,41.03,,,,Table 161,,,Bhillai
2019-03-04,24.67,9.5,96.56,55.93,,,,Table 162,,,Bhillai
2019-06-04,24.33,10,97.88,57  .7  7,,,,Table 162,,,Bhillai
2019-10-04,24.83,9.83,97.22,53.85,,,,Table 162,,,Bhillai
2019-04-13,24.83,9.67,98.55,57  .42,,,,Table 162,,,Bhillai
2019-04-17,23.83,8.83,94.58,55.15,,,,Table 162,,,Bhillai
2019-04-20,24.67,10.33,98.52,57  .23,,,,Table 162,,,Bhillai
2019-04-24,22.87,8.5,95.9,53.1,,,,Table 162,,,Bhillai
2019-04-27,23.17,9,93.92,55.7  3,,,,Table 162,,,Bhillai
2019-02-04,18.67,7.83,91.27,52.88,,,,Table 163,,,Bhillai
2019-05-04,18.5,8.33,90.6,51.52,,,,Table 163,,,Bhillai
2019-09-04,18.88,8,92.59,51.32,,,,Table 163,,,Bhillai
2019-12-04,18.33,8,91.93,52.01,,,,Table 163,,,Bhillai
2019-04-16,19.17,9,97.88,48.85,,,,Table 163,,,Bhillai
2019-04-19,18.33,8,93.91,53.06,,,,Table 163,,,Bhillai
,17.33,7.83,89.94,49.14,,,,Table 163,,,Bhillai
2016-04-26,18.67,8.67,90.57,51.24,,,,Table 163,,,Bhillai
,17.5,7.67,88.62,53.67,,,,Table 163,,,Bhillai
2019-04-03,15.84,3.75,58.2,54.28,0,0,0,Table 164,,,Bhillai
2019-07-03,16.66,3.75,58.86,54.68,0,0,0,Table 164,,,Bhillai
2019-11-03,16.25,3.54,57.54,55.93,0,0,0,Table 164,,,Bhillai
2019-03-14,18.54,4.79,64.15,54.51,0,0,0,Table 164,,,Bhillai
2019-03-18,18.13,4.38,60.18,61.02,0,0,0,Table 164,,,Bhillai
2019-03-21,17.5,4.59,61.5,54.61,0,0,0,Table 164,,,Bhillai
2019-03-25,18.54,5.41,63.49,54.39,0,0,0,Table 164,,,Bhillai
2019-03-28,17.25,4.59,60.84,56.03,0,0,0,Table 164,,,Bhillai
,0,0,0,0,0,0,0,Table 164,,,Bhillai
,0,0,0,0,0,0,0,Table 164,,,Bhillai
,0,0,0,0,0,0,0,Table 164,,,Bhillai
,0,0,0,0,0,0,0,Table 164,,,Bhillai
2019-01-03,17.67,7.17,80.67,45.62,,,,Table 165,,,Bhillai
2019-05-03,17,6.5,78.7,45.52,,,,Table 165,,,Bhillai
2019-08-30,17.83,7.17,81.35,44.82,,,,Table 165,,,Bhillai
2019-12-03,17.33,6.67,80.02,47  .06,,,,Table 165,,,Bhillai
2019-03-15,18.33,7.83,82.01,45,,,,Table 165,,,Bhillai
2019-03-19,16.83,6.67,79.38,42.88,,,,Table 165,,,Bhillai
2019-03-22,17.67,7,80.02,43.46,,,,Table 165,,,Bhillai
2019-03-26,18,7.67,82.67,46.7  0,,,,Table 165,,,Bhillai
2019-03-29,17.67,7.5,81.34,45.15,,,,Table 165,,,Bhillai
2019-02-03,30.84,11.66,96.56,92.8,0,0,0,Table 166,,,Bhillai
2019-06-03,29.38,11.66,95.9,88.48,0,0,0,Table 166,,,Bhillai
2019-09-03,28.75,11.66,95.23,82.03,0,0,0,Table 166,,,Bhillai
2019-03-13,30.84,12.29,97.22,95.78,0,0,0,Table 166,,,Bhillai
2019-03-16,31.46,12.71,96.56,92.23,0,0,0,Table 166,,,Bhillai
2019-03-20,28.54,11.46,94.57,85.86,0,0,0,Table 166,,,Bhillai
2019-03-23,28.75,11.25,95.24,85.19,0,0,0,Table 166,,,Bhillai
2019-03-27,29.16,11.46,95.89,89.66,0,0,0,Table 166,,,Bhillai
2019-03-30,28.54,11.04,94.57,95.05,0,0,0,Table 166,,,Bhillai
,0,0,0,0,0,0,0,Table 166,,,Bhillai
,0,0,0,0,0,0,0,Table 166,,,Bhillai
,0,0,0,0,0,0,0,Table 166,,,Bhillai
2019-01-03,19.17,8.83,94.57,51.56,,,,Table 167,,,Bhillai
2019-05-03,19.83,9.33,96.56,53.34,,,,Table 167,,,Bhillai
2019-08-03,18.67,8.33,92.59,55.29,,,,Table 167,,,Bhillai
2019-12-03,19.33,9,93.25,51.1,,,,Table 167,,,Bhillai
2019-03-15,20.83,9,97.22,55.7  8,,,,Table 167,,,Bhillai
2019-03-19,19.67,8.83,93.91,53.03,,,,Table 167,,,Bhillai
2019-03-22,18.83,8.67,91.26,57  .58,,,,Table 167,,,Bhillai
2019-03-26,18.67,8.67,91.93,53.3,,,,Table 167,,,Bhillai
2019-03-29,18.83,8.67,92.59,56.08,,,,Table 167,,,Bhillai
2019-04-02,18.34,4.79,66.13,58.58,0,0,0,Table 168,,,Bhillai
2019-07-02,18.13,4.59,62.83,65.8,0,0,0,Table 168,,,Bhillai
2019-11-02,16.46,3.75,60.84,63.57,0,0,0,Table 168,,,Bhillai
2019-02-14,18.75,5,65.47,60.07,0,0,0,Table 168,,,Bhillai
2019-02-18,18.34,4.79,63.49,58.35,0,0,0,Table 168,,,Bhillai
2019-02-21,16.46,3.75,63.49,62.16,0,0,0,Table 168,,,Bhillai
2019-02-25,18.75,5.41,64.81,60.49,0,0,0,Table 168,,,Bhillai
2019-02-28,18.75,5.41,64.81,65.83,0,0,0,Table 168,,,Bhillai
,0,0,0,0,0,0,0,Table 168,,,Bhillai
,0,0,0,0,0,0,0,Table 168,,,Bhillai
,0,0,0,0,0,0,0,Table 168,,,Bhillai
,0,0,0,0,0,0,0,Table 168,,,Bhillai
2019-01-02,18.33,7.33,82.67,45.81,,,,Table 169,,,Bhillai
2019-05-02,19,7.67,82.01,46.7  9,,,,Table 169,,,Bhillai
2019-12-02,17.33,7.17,80.68,43.03,,,,Table 169,,,Bhillai
2019-02-15,18.17,8,83.99,43.85,,,,Table 169,,,Bhillai
2019-02-19,15.83,6.83,75.39,41.89,,,,Table 169,,,Bhillai
2019-02-22,17.83,7.5,83.33,49.5,,,,Table 169,,,Bhillai
2019-02-26,18.17,7.83,82.67,45.7  0,,,,Table 169,,,Bhillai
2019-02-02,24,9.33,94.57,55.88,,,,Table 170,,,Bhillai
2019-06-02,24.17,10.33,94.57,57  .36,,,,Table 170,,,Bhillai
2019-09-02,23.83,9.17,93.25,57  .17,,,,Table 170,,,Bhillai
2019-02-13,24.5,9.67,95.23,56.62,,,,Table 170,,,Bhillai
2019-02-16,24,9.17,94.57,61.38,,,,Table 170,,,Bhillai
2019-02-20,23.33,9,91.9,59.67,,,,Table 170,,,Bhillai
2019-02-23,23.33,8.67,89.28,57  .62,,,,Table 170,,,Bhillai
,23.33,9.17,89.94,56.7  3,,,,Table 170,,,Bhillai
2019-01-02,24.5,8.33,88.62,54.52,,,,Table 171,,,Bhillai
2019-05-02,23.67,8.5,74.73,52.7  8,,,,Table 171,,,Bhillai
2019-12-02,24,9,74.71,57  .7  9,,,,Table 171,,,Bhillai
2019-02-15,24.33,9.5,80.68,59.68,,,,Table 171,,,Bhillai
2019-02-19,24.33,9.33,85.97,55.7  8,,,,Table 171,,,Bhillai
2019-02-22,22.83,9,77.37,53.3,,,,Table 171,,,Bhillai
2019-02-26,23.5,8.5,86.64,60.7  2,,,,Table 171,,,Bhillai
